id,data_inversa,dia_semana,horario,uf,br,km,municipio,causa_acidente,tipo_acidente,classificacao_acidente,fase_dia,sentido_via,condicao_metereologica,tipo_pista,tracado_via,uso_solo,pessoas,mortos,feridos_leves,feridos_graves,ilesos,ignorados,feridos,veiculos,latitude,longitude,regional,delegacia,uop,geometry
67803,2017-09-05,terça-feira,08:35:00,PB,230,27,JOAO PESSOA,Não guardar distância de segurança,Tombamento,Com Vítimas Feridas,Pleno dia,Crescente,Nublado,Dupla,Não Informado,Não,1,0,1,0,0,0,1,1,"-7,16549136","-34,897964",SR-PB,DEL14/1,UOP00/PB,
68051,2017-09-06,quarta-feira,07:50:00,PB,230,"27,8",JOAO PESSOA,Defeito Mecânico no Veículo,Queda de ocupante de veículo,Com Vítimas Feridas,Pleno dia,Crescente,Céu Claro,Dupla,Curva,Sim,1,0,1,0,0,0,1,1,"-7,16556703","-34,89762336",SR-PB,DEL14/1,UOP00/PB,
68078,2017-09-06,quarta-feira,10:00:00,PB,101,92,JOAO PESSOA,Falta de Atenção à Condução,Atropelamento de Pedestre,Com Vítimas Feridas,Pleno dia,Crescente,Céu Claro,Dupla,Reta,Não,2,0,2,0,0,0,2,1,"-7,24993263","-34,93186712",SR-PB,DEL14/1,UOP01/PB,
68238,2017-09-06,quarta-feira,19:50:00,PB,230,"22,7",JOAO PESSOA,Velocidade Incompatível,Colisão com objeto estático,Com Vítimas Feridas,Plena Noite,Decrescente,Garoa/Chuvisco,Dupla,Reta,Sim,9,0,3,0,6,0,3,3,"-7,159749","-34,859315",SR-PB,DEL14/1,UOP00/PB,
68405,2017-09-07,quinta-feira,12:30:00,PB,101,"89,9",JOAO PESSOA,Falta de Atenção à Condução,Colisão traseira,Com Vítimas Feridas,Pleno dia,Decrescente,Sol,Dupla,Reta,Sim,2,0,1,0,0,1,1,2,"-7,18015999","-34,90015268",SR-PB,DEL14/1,UOP01/PB,
68582,2017-09-08,sexta-feira,07:45:00,PB,230,28,JOAO PESSOA,Objeto estático sobre o leito carroçável,Tombamento,Com Vítimas Feridas,Pleno dia,Crescente,Nublado,Dupla,Viaduto,Sim,1,0,1,0,0,0,1,1,"-7,16560748","-34,89616424",SR-PB,DEL14/1,UOP00/PB,
69400,2017-09-11,segunda-feira,09:24:00,PB,230,"26,7",JOAO PESSOA,Falta de Atenção à Condução,Colisão traseira,Com Vítimas Feridas,Pleno dia,Crescente,Céu Claro,Dupla,Reta,Não,2,0,1,0,1,0,1,2,"-7,16817987","-34,88331061",SR-PB,DEL14/1,UOP00/PB,
69521,2017-09-11,segunda-feira,18:08:00,PB,101,"89,5",JOAO PESSOA,Falta de Atenção à Condução,Colisão lateral,Sem Vítimas,Plena Noite,Crescente,Nublado,Dupla,Curva,Sim,2,0,0,0,2,0,0,2,"-7,18042611","-34,9008286",SR-PB,DEL14/1,UOP01/PB,
69667,2017-08-26,sábado,22:20:00,PB,230,"18,1",JOAO PESSOA,Falta de Atenção à Condução,Colisão com objeto estático,Com Vítimas Feridas,Plena Noite,Crescente,Nublado,Dupla,Reta,Sim,1,0,1,0,0,0,1,1,"-7,12055147","-34,84508067",SR-PB,DEL14/1,UOP00/PB,
69904,2017-09-13,quarta-feira,15:15:00,PB,101,89,JOAO PESSOA,Falta de Atenção do Pedestre,Atropelamento de Pedestre,Com Vítimas Feridas,Pleno dia,Decrescente,Céu Claro,Dupla,Reta,Sim,2,0,0,1,0,1,1,1,"-7,1673","-34,8974",SR-PB,DEL14/1,UOP01/PB,
70069,2017-09-14,quinta-feira,10:10:00,PB,230,"17,5",JOAO PESSOA,Falta de Atenção à Condução,Colisão lateral,Com Vítimas Fatais,Pleno dia,Decrescente,Céu Claro,Dupla,Reta,Sim,3,1,0,0,2,0,0,3,"-7,1182391","-34,8436936",SR-PB,DEL14/1,UOP00/PB,
70132,2017-09-14,quinta-feira,15:00:00,PB,230,"15,9",JOAO PESSOA,Falta de Atenção à Condução,Colisão traseira,Com Vítimas Feridas,Pleno dia,Decrescente,Sol,Dupla,Curva,Sim,3,0,2,0,1,0,2,2,"-7,10603395","-34,8440972",SR-PB,DEL14/1,UOP00/PB,
70618,2017-09-16,sábado,11:14:00,PB,101,94,JOAO PESSOA,Velocidade Incompatível,Saída de leito carroçável,Com Vítimas Feridas,Pleno dia,Crescente,Chuva,Dupla,Não Informado,Sim,1,0,0,1,0,0,1,1,"-7,2096","-34,9102",SR-PB,DEL14/1,UOP01/PB,
70660,2017-09-16,sábado,14:20:00,PB,230,"19,9",JOAO PESSOA,Pista Escorregadia,Tombamento,Com Vítimas Feridas,Pleno dia,Crescente,Chuva,Dupla,Curva,Sim,1,0,0,1,0,0,1,1,"-7,13484227","-34,85462219",SR-PB,DEL14/1,UOP00/PB,
70777,2017-09-16,sábado,22:25:00,PB,230,"24,4",JOAO PESSOA,Falta de Atenção à Condução,Colisão traseira,Com Vítimas Feridas,Plena Noite,Decrescente,Céu Claro,Múltipla,Reta,Sim,4,0,1,1,1,1,2,2,"-7,17081105","-34,8686851",SR-PB,DEL14/1,UOP00/PB,
71065,2017-09-17,domingo,21:40:00,PB,230,27,JOAO PESSOA,Falta de Atenção à Condução,Colisão lateral,Com Vítimas Feridas,Plena Noite,Crescente,Nublado,Dupla,Reta,Sim,4,0,0,3,1,0,3,2,"-7,1677","-34,8855",SR-PB,DEL14/1,UOP00/PB,
71112,2017-09-09,sábado,11:45:00,PB,101,"88,2",JOAO PESSOA,Defeito Mecânico no Veículo,Saída de leito carroçável,Sem Vítimas,Pleno dia,Crescente,Céu Claro,Dupla,Curva,Sim,1,0,0,0,1,0,0,1,"-7,169428","-34,897127",SR-PB,DEL14/1,UOP00/PB,
71224,2017-09-06,quarta-feira,14:20:00,PB,101,88,JOAO PESSOA,Mal Súbito,Saída de leito carroçável,Com Vítimas Feridas,Pleno dia,Crescente,Céu Claro,Dupla,Curva,Sim,1,0,1,0,0,0,1,1,"-7,16515072","-34,8983556",SR-PB,DEL14/1,UOP00/PB,
71250,2017-09-18,segunda-feira,15:50:00,PB,230,24,JOAO PESSOA,Falta de Atenção à Condução,Colisão traseira,Sem Vítimas,Pleno dia,Crescente,Céu Claro,Dupla,Curva,Sim,2,0,0,0,2,0,0,2,"-7,17013257","-34,86582041",SR-PB,DEL14/1,UOP00/PB,
71609,2017-09-20,quarta-feira,08:30:00,PB,101,92,JOAO PESSOA,Defeito Mecânico no Veículo,Incêndio,Sem Vítimas,Pleno dia,Decrescente,Sol,Dupla,Reta,Não,1,0,0,0,1,0,0,1,"-7,1921","-34,9043",SR-PB,DEL14/1,UOP01/PB,
72475,2017-09-23,sábado,15:40:00,PB,230,"25,1",JOAO PESSOA,Não guardar distância de segurança,Colisão traseira,Com Vítimas Feridas,Pleno dia,Decrescente,Sol,Simples,Reta,Sim,3,0,1,0,1,1,1,2,"-7,1686713","-34,8699931",SR-PB,DEL14/1,UOP00/PB,
72738,2017-09-24,domingo,16:45:00,PB,230,"26,7",JOAO PESSOA,Ingestão de Álcool,Colisão com objeto estático,Sem Vítimas,Pleno dia,Decrescente,Céu Claro,Dupla,Reta,Sim,1,0,0,0,1,0,0,1,"-7,16838583","-34,88414794",SR-PB,DEL14/1,UOP00/PB,
73669,2017-09-28,quinta-feira,15:15:00,PB,230,30,JOAO PESSOA,Falta de Atenção à Condução,Colisão traseira,Sem Vítimas,Pleno dia,Decrescente,Céu Claro,Dupla,Não Informado,Não,3,0,0,0,3,0,0,2,"-7,15060935","-34,91036654",SR-PB,DEL14/1,UOP00/PB,
73853,2017-09-29,sexta-feira,08:05:00,PB,230,"20,6",JOAO PESSOA,Falta de Atenção à Condução,Colisão traseira,Com Vítimas Feridas,Pleno dia,Decrescente,Céu Claro,Dupla,Reta,Sim,2,0,1,0,1,0,1,2,"-7,14190133","-34,85177636",SR-PB,DEL14/1,UOP00/PB,
73864,2017-09-29,sexta-feira,08:40:00,PB,230,21,JOAO PESSOA,Falta de Atenção à Condução,Colisão traseira,Sem Vítimas,Pleno dia,Decrescente,Céu Claro,Dupla,Reta,Sim,2,0,0,0,2,0,0,2,"-7,14405174","-34,8512882",SR-PB,DEL14/1,UOP00/PB,
73900,2017-09-29,sexta-feira,10:30:00,PB,101,"100,3",JOAO PESSOA,Falta de Atenção à Condução,Colisão com objeto estático,Com Vítimas Feridas,Pleno dia,Crescente,Céu Claro,Dupla,Reta,Não,3,0,3,0,0,0,3,1,"-7,26665058","-34,93693113",SR-PB,DEL14/1,UOP01/PB,
73931,2017-09-29,sexta-feira,12:20:00,PB,230,19,JOAO PESSOA,Falta de Atenção à Condução,Colisão traseira,Sem Vítimas,Pleno dia,Decrescente,Sol,Múltipla,Reta,Não,4,0,0,0,3,1,0,4,"-7,1281","-34,8466",SR-PB,DEL14/1,UOP00/PB,
74294,2017-09-30,sábado,09:30:00,PB,101,"88,5",JOAO PESSOA,Não guardar distância de segurança,Colisão traseira,Sem Vítimas,Pleno dia,Crescente,Sol,Dupla,Reta,Sim,11,0,0,0,3,8,0,3,"-7,16929162","-34,89714861",SR-PB,DEL14/1,UOP00/PB,
74447,2017-09-30,sábado,18:05:00,PB,230,"26,1",JOAO PESSOA,Ingestão de Álcool,Colisão com objeto estático,Com Vítimas Feridas,Plena Noite,Crescente,Céu Claro,Dupla,Curva,Sim,1,0,1,0,0,0,1,1,"-7,16913998","-34,87893009",SR-PB,DEL14/1,UOP00/PB,
74687,2017-10-01,domingo,14:45:00,PB,230,27,JOAO PESSOA,Ingestão de Álcool,Colisão transversal,Com Vítimas Feridas,Pleno dia,Decrescente,Céu Claro,Dupla,Reta,Sim,3,0,0,1,2,0,1,3,"-7,16569894","-34,88977522",SR-PB,DEL14/1,UOP00/PB,
74877,2017-10-02,segunda-feira,07:55:00,PB,230,18,JOAO PESSOA,Não guardar distância de segurança,Colisão traseira,Com Vítimas Feridas,Pleno dia,Crescente,Céu Claro,Dupla,Reta,Não,3,0,2,0,1,0,2,2,"-7,1286543","-34,8484536",SR-PB,DEL14/1,UOP00/PB,
75304,2017-10-03,terça-feira,17:25:00,PB,230,"15,9",JOAO PESSOA,Desobediência às normas de trânsito pelo condutor,Colisão lateral,Com Vítimas Feridas,Plena Noite,Crescente,Céu Claro,Dupla,Reta,Sim,3,0,1,0,1,1,1,2,"-7,11810612","-34,84352175",SR-PB,DEL14/1,UOP00/PB,
75319,2017-10-03,terça-feira,18:30:00,PB,230,"15,1",JOAO PESSOA,Defeito na Via,Queda de ocupante de veículo,Com Vítimas Feridas,Plena Noite,Crescente,Céu Claro,Dupla,Reta,Sim,1,0,1,0,0,0,1,1,"-7,09409026","-34,84795994",SR-PB,DEL14/1,UOP00/PB,
75352,2017-10-01,domingo,15:10:00,PB,230,"27,9",JOAO PESSOA,Falta de Atenção à Condução,Engavetamento,Com Vítimas Feridas,Pleno dia,Decrescente,Céu Claro,Dupla,Viaduto,Sim,5,0,1,0,4,0,1,5,"-7,16574152","-34,89661217",SR-PB,DEL14/1,UOP00/PB,
75673,2017-10-05,quinta-feira,09:55:00,PB,230,"17,5",JOAO PESSOA,Falta de Atenção à Condução,Colisão lateral,Com Vítimas Feridas,Pleno dia,Crescente,Sol,Dupla,Curva,Sim,3,0,1,0,2,0,1,3,"-7,11982051","-34,84520525",SR-PB,DEL14/1,UOP00/PB,
75681,2017-10-05,quinta-feira,10:10:00,PB,230,"20,1",JOAO PESSOA,Falta de Atenção à Condução,Queda de ocupante de veículo,Com Vítimas Feridas,Pleno dia,Crescente,Céu Claro,Dupla,Não Informado,Sim,1,0,1,0,0,0,1,1,"-7,13474744","-34,85470533",SR-PB,DEL14/1,UOP00/PB,
75691,2017-10-05,quinta-feira,11:40:00,PB,230,17,JOAO PESSOA,Desobediência às normas de trânsito pelo condutor,Queda de ocupante de veículo,Com Vítimas Feridas,Pleno dia,Decrescente,Sol,Dupla,Curva,Sim,3,0,2,0,0,1,2,1,"-7,1150647","-34,8417926",SR-PB,DEL14/1,UOP00/PB,
75805,2017-10-05,quinta-feira,21:15:00,PB,230,"27,8",JOAO PESSOA,Falta de Atenção à Condução,Colisão lateral,Com Vítimas Feridas,Plena Noite,Decrescente,Céu Claro,Dupla,Curva,Sim,4,0,1,1,1,1,2,2,"-7,1647326","-34,8908268",SR-PB,DEL14/1,UOP00/PB,
77366,2017-10-11,quarta-feira,11:35:00,PB,230,28,JOAO PESSOA,Falta de Atenção à Condução,Colisão lateral,Com Vítimas Feridas,Pleno dia,Crescente,Céu Claro,Dupla,Reta,Sim,3,0,1,0,2,0,1,3,"-7,1651","-34,8941",SR-PB,DEL14/1,UOP00/PB,
78136,2017-10-14,sábado,08:10:00,PB,230,28,JOAO PESSOA,Velocidade Incompatível,Colisão traseira,Com Vítimas Feridas,Pleno dia,Decrescente,Céu Claro,Dupla,Reta,Sim,2,0,1,0,1,0,1,2,"-7,163039","-34,90205508",SR-PB,DEL14/1,UOP00/PB,
78235,2017-10-14,sábado,16:25:00,PB,230,"15,7",JOAO PESSOA,Falta de Atenção à Condução,Colisão traseira,Com Vítimas Feridas,Pleno dia,Crescente,Céu Claro,Dupla,Não Informado,Sim,2,0,1,0,1,0,1,2,"-7,10187215","-34,84755456",SR-PB,DEL14/1,UOP00/PB,
78490,2017-10-15,domingo,15:15:00,PB,230,"25,6",JOAO PESSOA,Velocidade Incompatível,Colisão com objeto estático,Com Vítimas Feridas,Pleno dia,Crescente,Sol,Dupla,Não Informado,Sim,2,0,1,0,1,0,1,1,"-7,16933953","-34,8748675",SR-PB,DEL14/1,UOP00/PB,
78992,2017-10-17,terça-feira,08:20:00,PB,230,18,JOAO PESSOA,Não guardar distância de segurança,Colisão traseira,Com Vítimas Feridas,Pleno dia,Decrescente,Sol,Dupla,Reta,Sim,2,0,1,0,1,0,1,2,"-7,12057673","-34,84510034",SR-PB,DEL14/1,UOP00/PB,
79282,2017-10-18,quarta-feira,17:35:00,PB,230,"22,1",JOAO PESSOA,Não guardar distância de segurança,Colisão traseira,Com Vítimas Feridas,Plena Noite,Decrescente,Céu Claro,Dupla,Reta,Sim,2,0,0,1,1,0,1,2,"-7,153829","-34,855433",SR-PB,DEL14/1,UOP00/PB,
79311,2017-10-18,quarta-feira,15:15:00,PB,230,"24,8",JOAO PESSOA,Ultrapassagem Indevida,Capotamento,Sem Vítimas,Pleno dia,Decrescente,Céu Claro,Dupla,Curva,Sim,1,0,0,0,1,0,0,1,"-7,170493","-34,866678",SR-PB,DEL14/1,UOP00/PB,
79485,2017-10-19,quinta-feira,14:55:00,PB,230,25,JOAO PESSOA,Falta de Atenção à Condução,Colisão com objeto estático,Com Vítimas Feridas,Pleno dia,Decrescente,Céu Claro,Dupla,Curva,Sim,1,0,1,0,0,0,1,1,"-7,1707","-34,8684",SR-PB,DEL14/1,UOP00/PB,
79616,2017-10-20,sexta-feira,04:50:00,PB,101,"88,3",JOAO PESSOA,Velocidade Incompatível,Saída de leito carroçável,Sem Vítimas,Pleno dia,Crescente,Céu Claro,Dupla,Curva,Sim,1,0,0,0,0,1,0,1,"-7,16735","-34,896806",SR-PB,DEL14/1,UOP00/PB,
79716,2017-09-15,sexta-feira,11:00:00,PB,101,"89,5",JOAO PESSOA,Falta de Atenção à Condução,Colisão lateral,Com Vítimas Feridas,Pleno dia,Crescente,Céu Claro,Dupla,Reta,Sim,2,0,1,0,1,0,1,2,"-7,18106975","-34,90086646",SR-PB,DEL14/1,UOP01/PB,
80031,2017-10-21,sábado,16:30:00,PB,230,20,JOAO PESSOA,Falta de Atenção à Condução,Saída de leito carroçável,Com Vítimas Feridas,Pleno dia,Decrescente,Nublado,Dupla,Curva,Sim,1,0,1,0,0,0,1,1,"-7,13803366","-34,85229019",SR-PB,DEL14/1,UOP00/PB,
80166,2017-10-22,domingo,01:15:00,PB,101,"88,9",JOAO PESSOA,Desobediência às normas de trânsito pelo condutor,Colisão frontal,Com Vítimas Feridas,Plena Noite,Crescente,Céu Claro,Dupla,Reta,Sim,4,0,4,0,0,0,4,2,"-7,1735549","-34,89841441",SR-PB,DEL14/1,UOP00/PB,
80453,2017-10-23,segunda-feira,02:54:00,PB,230,"25,3",JOAO PESSOA,Condutor Dormindo,Colisão com objeto estático,Com Vítimas Fatais,Plena Noite,Decrescente,Céu Claro,Dupla,Viaduto,Sim,1,1,0,0,0,0,0,1,"-7,169814","-34,872906",SR-PB,DEL14/1,UOP00/PB,
80493,2017-10-23,segunda-feira,06:55:00,PB,230,24,JOAO PESSOA,Falta de Atenção à Condução,Colisão traseira,Com Vítimas Feridas,Pleno dia,Decrescente,Nublado,Dupla,Não Informado,Sim,3,0,2,0,1,0,2,2,"-7,16601731","-34,86300141",SR-PB,DEL14/1,UOP00/PB,
80980,2017-10-25,quarta-feira,08:15:00,PB,230,24,JOAO PESSOA,Velocidade Incompatível,Colisão traseira,Com Vítimas Feridas,Pleno dia,Decrescente,Sol,Dupla,Viaduto,Sim,3,0,1,1,1,0,2,2,"-7,16549038","-34,86273319",SR-PB,DEL14/1,UOP00/PB,
80983,2017-10-25,quarta-feira,10:35:00,PB,230,27,JOAO PESSOA,Falta de Atenção à Condução,Colisão traseira,Sem Vítimas,Pleno dia,Decrescente,Céu Claro,Dupla,Reta,Sim,3,0,0,0,3,0,0,3,"-7,1677","-34,8855",SR-PB,DEL14/1,UOP00/PB,
80986,2017-10-25,quarta-feira,09:30:00,PB,230,27,JOAO PESSOA,Não guardar distância de segurança,Engavetamento,Sem Vítimas,Pleno dia,Crescente,Céu Claro,Dupla,Reta,Sim,5,0,0,0,5,0,0,5,"-7,1677","-34,8855",SR-PB,DEL14/1,UOP00/PB,
81553,2017-10-27,sexta-feira,16:45:00,PB,230,27,JOAO PESSOA,Ingestão de Álcool,Colisão traseira,Com Vítimas Feridas,Pleno dia,Decrescente,Céu Claro,Dupla,Reta,Sim,2,0,1,0,1,0,1,2,"-7,1677","-34,8855",SR-PB,DEL14/1,UOP00/PB,
81701,2017-10-28,sábado,05:00:00,PB,101,"88,2",JOAO PESSOA,Ingestão de Álcool,Colisão lateral,Sem Vítimas,Amanhecer,Crescente,Céu Claro,Dupla,Reta,Sim,2,0,0,0,1,1,0,2,"-7,16920626","-34,89702238",SR-PB,DEL14/1,UOP00/PB,
82148,2017-10-29,domingo,17:00:00,PB,101,92,JOAO PESSOA,Falta de Atenção à Condução,Saída de leito carroçável,Sem Vítimas,Anoitecer,Decrescente,Nublado,Dupla,Não Informado,Sim,1,0,0,0,0,1,0,1,"-7,204696","-34,908337",SR-PB,DEL14/1,UOP01/PB,
82701,2017-10-31,terça-feira,18:20:00,PB,230,"27,9",JOAO PESSOA,Falta de Atenção à Condução,Tombamento,Com Vítimas Feridas,Plena Noite,Crescente,Céu Claro,Dupla,Não Informado,Sim,1,0,0,1,0,0,1,1,"-7,165158","-34,8987013",SR-PB,DEL14/1,UOP00/PB,
82711,2017-10-31,terça-feira,18:50:00,PB,230,26,JOAO PESSOA,Falta de Atenção à Condução,Colisão com objeto estático,Com Vítimas Feridas,Plena Noite,Decrescente,Céu Claro,Múltipla,Reta,Não,2,0,1,0,1,0,1,1,"-7,1693833","-34,87964776",SR-PB,DEL14/1,UOP00/PB,
82716,2017-10-31,terça-feira,18:40:00,PB,230,"18,6",JOAO PESSOA,Falta de Atenção à Condução,Tombamento,Com Vítimas Feridas,Plena Noite,Decrescente,Céu Claro,Dupla,Curva,Sim,2,0,1,1,0,0,2,1,"-7,1287431","-34,8488447",SR-PB,DEL14/1,UOP00/PB,
82799,2017-11-01,quarta-feira,07:01:00,PB,230,20,JOAO PESSOA,Mal Súbito,Colisão traseira,Com Vítimas Feridas,Pleno dia,Crescente,Sol,Dupla,Reta,Sim,3,0,1,0,2,0,1,3,"-7,13813712","-34,85328645",SR-PB,DEL14/1,UOP00/PB,
82896,2017-11-01,quarta-feira,15:44:00,PB,230,30,JOAO PESSOA,Ingestão de Álcool,Colisão lateral,Com Vítimas Feridas,Pleno dia,Decrescente,Sol,Dupla,Reta,Sim,2,0,1,0,1,0,1,2,"-7,15101866","-34,91037512",SR-PB,DEL14/1,UOP00/PB,
83621,2017-11-04,sábado,19:10:00,PB,101,"92,3",JOAO PESSOA,Falta de Atenção à Condução,Colisão traseira,Com Vítimas Feridas,Plena Noite,Decrescente,Céu Claro,Múltipla,Reta,Não,3,0,2,0,1,0,2,2,"-7,20313068","-34,90774065",SR-PB,DEL14/1,UOP01/PB,
83799,2017-10-23,segunda-feira,17:30:00,PB,230,24,JOAO PESSOA,Falta de Atenção à Condução,Colisão transversal,Sem Vítimas,Anoitecer,Decrescente,Nublado,Dupla,Não Informado,Sim,2,0,0,0,2,0,0,2,"-7,1637","-34,8618",SR-PB,DEL14/1,UOP00/PB,
84135,2017-11-06,segunda-feira,17:10:00,PB,230,24,JOAO PESSOA,Ingestão de Álcool,Colisão traseira,Com Vítimas Feridas,Anoitecer,Decrescente,Céu Claro,Dupla,Reta,Sim,2,0,1,0,1,0,1,2,"-7,16887647","-34,8647368",SR-PB,DEL14/1,UOP00/PB,
85123,2017-11-10,sexta-feira,20:38:00,PB,101,"92,5",JOAO PESSOA,Animais na Pista,Atropelamento de Animal,Sem Vítimas,Plena Noite,Decrescente,Nublado,Dupla,Não Informado,Sim,1,0,0,0,1,0,0,1,"-7,205681","-34,908674",SR-PB,DEL14/1,UOP01/PB,
85819,2017-11-13,segunda-feira,08:15:00,PB,230,24,JOAO PESSOA,Velocidade Incompatível,Colisão traseira,Sem Vítimas,Pleno dia,Decrescente,Céu Claro,Dupla,Não Informado,Sim,3,0,0,0,3,0,0,3,"-7,166091","-34,863077",SR-PB,DEL14/1,UOP00/PB,
85912,2017-11-13,segunda-feira,15:00:00,PB,230,19,JOAO PESSOA,Falta de Atenção à Condução,Colisão transversal,Com Vítimas Feridas,Plena Noite,Crescente,Ignorado,Dupla,Curva,Sim,2,0,0,1,0,1,1,2,"-7,1281","-34,8466",SR-PB,DEL14/1,UOP00/PB,
86366,2017-11-15,quarta-feira,15:45:00,PB,230,"26,5",JOAO PESSOA,Falta de Atenção do Pedestre,Atropelamento de Pedestre,Com Vítimas Feridas,Pleno dia,Decrescente,Céu Claro,Dupla,Reta,Sim,3,0,0,1,2,0,1,1,"-7,16771134","-34,88562493",SR-PB,DEL14/1,UOP00/PB,
86509,2017-11-16,quinta-feira,06:50:00,PB,230,"28,1",JOAO PESSOA,Falta de Atenção à Condução,Tombamento,Com Vítimas Feridas,Pleno dia,Crescente,Nublado,Dupla,Não Informado,Sim,1,0,1,0,0,0,1,1,"-7,16550086","-34,89798688",SR-PB,DEL14/1,UOP00/PB,
86617,2017-10-26,quinta-feira,06:45:00,PB,230,20,JOAO PESSOA,Velocidade Incompatível,Colisão traseira,Com Vítimas Feridas,Pleno dia,Crescente,Sol,Dupla,Reta,Sim,2,0,1,0,1,0,1,2,"-7,1337","-34,8544",SR-PB,DEL14/1,UOP00/PB,
86768,2017-10-22,domingo,14:05:00,PB,101,"91,8",JOAO PESSOA,Falta de Atenção do Pedestre,Atropelamento de Pedestre,Com Vítimas Fatais,Pleno dia,Decrescente,Céu Claro,Dupla,Reta,Sim,4,1,0,1,2,0,1,1,"-7,19040137","-34,90376044",SR-PB,DEL14/1,UOP01/PB,
86893,2017-11-17,sexta-feira,18:50:00,PB,230,"24,2",JOAO PESSOA,Falta de Atenção à Condução,Engavetamento,Com Vítimas Feridas,Plena Noite,Decrescente,Céu Claro,Dupla,Viaduto,Sim,5,0,0,2,3,0,2,4,"-7,16518265","-34,86252397",SR-PB,DEL14/1,UOP00/PB,
86974,2017-11-17,sexta-feira,23:50:00,PB,230,"19,8",JOAO PESSOA,Falta de Atenção à Condução,Tombamento,Com Vítimas Feridas,Plena Noite,Crescente,Céu Claro,Dupla,Não Informado,Sim,1,0,0,1,0,0,1,1,"-7,13556716","-34,85461682",SR-PB,DEL14/1,UOP00/PB,
87495,2017-11-19,domingo,15:25:00,PB,101,93,JOAO PESSOA,Ingestão de Álcool,Colisão com objeto estático,Com Vítimas Feridas,Pleno dia,Crescente,Céu Claro,Dupla,Não Informado,Não,2,0,1,0,1,0,1,1,"-7,208464","-34,909841",SR-PB,DEL14/1,UOP01/PB,
87567,2017-11-19,domingo,18:30:00,PB,101,"86,9",JOAO PESSOA,Falta de Atenção à Condução,Colisão transversal,Com Vítimas Feridas,Plena Noite,Decrescente,Céu Claro,Dupla,Reta,Sim,2,0,0,2,0,0,2,2,"-7,15906171","-34,90625739",SR-PB,DEL14/1,UOP00/PB,
87721,2017-11-20,segunda-feira,07:15:00,PB,230,"27,1",JOAO PESSOA,Não guardar distância de segurança,Colisão traseira,Sem Vítimas,Pleno dia,Crescente,Céu Claro,Dupla,Reta,Sim,2,0,0,0,1,1,0,2,"-7,165328","-34,890084",SR-PB,DEL14/1,UOP00/PB,
87887,2017-11-20,segunda-feira,17:30:00,PB,230,"16,3",JOAO PESSOA,Falta de Atenção à Condução,Colisão traseira,Com Vítimas Feridas,Anoitecer,Crescente,Céu Claro,Dupla,Reta,Sim,2,0,1,0,1,0,1,2,"-7,10636007","-34,84483997",SR-PB,DEL14/1,UOP00/PB,
87904,2017-11-20,segunda-feira,19:20:00,PB,230,"19,6",JOAO PESSOA,Velocidade Incompatível,Colisão traseira,Sem Vítimas,Plena Noite,Decrescente,Nublado,Dupla,Não Informado,Sim,5,0,0,0,4,1,0,5,"-7,13319848","-34,85402137",SR-PB,DEL14/1,UOP00/PB,
88611,2017-11-23,quinta-feira,17:50:00,PB,230,19,JOAO PESSOA,Não guardar distância de segurança,Colisão traseira,Com Vítimas Feridas,Plena Noite,Crescente,Céu Claro,Dupla,Reta,Não,2,0,1,0,1,0,1,2,"-7,13062219","-34,85167444",SR-PB,DEL14/1,UOP00/PB,
88631,2017-11-23,quinta-feira,19:30:00,PB,230,"18,6",JOAO PESSOA,Ultrapassagem Indevida,Colisão lateral,Sem Vítimas,Plena Noite,Decrescente,Céu Claro,Dupla,Curva,Sim,2,0,0,0,2,0,0,2,"-7,12478086","-34,84608013",SR-PB,DEL14/1,UOP00/PB,
88858,2017-11-24,sexta-feira,17:45:00,PB,230,"16,1",JOAO PESSOA,Falta de Atenção à Condução,Colisão traseira,Sem Vítimas,Anoitecer,Crescente,Céu Claro,Dupla,Reta,Sim,7,0,0,0,7,0,0,3,"-7,10472003","-34,84547999",SR-PB,DEL14/1,UOP00/PB,
89006,2017-11-25,sábado,08:30:00,PB,230,"24,8",JOAO PESSOA,Falta de Atenção à Condução,Tombamento,Com Vítimas Feridas,Pleno dia,Decrescente,Sol,Dupla,Curva,Sim,2,0,2,0,0,0,2,1,"-7,17090336","-34,86783475",SR-PB,DEL14/1,UOP00/PB,
89589,2017-11-27,segunda-feira,07:15:00,PB,101,91,JOAO PESSOA,Falta de Atenção à Condução,Colisão transversal,Sem Vítimas,Pleno dia,Crescente,Céu Claro,Dupla,Reta,Sim,3,0,0,0,3,0,0,2,"-7,198416","-34,906433",SR-PB,DEL14/1,UOP01/PB,
89878,2017-11-28,terça-feira,14:00:00,PB,230,"15,5",JOAO PESSOA,Falta de Atenção à Condução,Colisão lateral,Com Vítimas Feridas,Pleno dia,Crescente,Céu Claro,Dupla,Curva,Sim,2,0,1,0,1,0,1,2,"-7,103563","-34,846147",SR-PB,DEL14/1,UOP00/PB,
90148,2017-11-29,quarta-feira,17:00:00,PB,230,24,JOAO PESSOA,Defeito na Via,Queda de ocupante de veículo,Com Vítimas Feridas,Pleno dia,Crescente,Sol,Dupla,Viaduto,Sim,1,0,1,0,0,0,1,1,"-7,16553926","-34,86286193",SR-PB,DEL14/1,UOP00/PB,