id,data_inversa,dia_semana,horario,uf,br,km,municipio,causa_acidente,tipo_acidente,classificacao_acidente,fase_dia,sentido_via,condicao_metereologica,tipo_pista,tracado_via,uso_solo,pessoas,mortos,feridos_leves,feridos_graves,ilesos,ignorados,feridos,veiculos,latitude,longitude,regional,delegacia,uop,geometry
90244,2017-10-02,segunda-feira,08:00:00,PB,230,27,JOAO PESSOA,Falta de Atenção à Condução,Colisão traseira,Com Vítimas Feridas,Pleno dia,Crescente,Céu Claro,Dupla,Curva,Sim,2,0,1,0,1,0,1,2,"-7,1677","-34,8855",SR-PB,DEL14/1,UOP00/PB,
90991,2017-12-02,sábado,13:40:00,PB,230,"17,3",JOAO PESSOA,Falta de Atenção à Condução,Colisão lateral,Com Vítimas Feridas,Pleno dia,Crescente,Sol,Dupla,Curva,Sim,2,0,1,0,1,0,1,2,"-7,11803329","-34,8438853",SR-PB,DEL14/1,UOP00/PB,
91097,2017-12-02,sábado,20:48:00,PB,230,27,JOAO PESSOA,Falta de Atenção do Pedestre,Atropelamento de Pedestre,Com Vítimas Feridas,Plena Noite,Decrescente,Céu Claro,Dupla,Reta,Sim,4,0,1,0,3,0,1,1,"-7,1677","-34,8855",SR-PB,DEL14/1,UOP00/PB,
91305,2017-12-03,domingo,15:25:00,PB,230,"27,8",JOAO PESSOA,Falta de Atenção à Condução,Colisão traseira,Com Vítimas Feridas,Pleno dia,Crescente,Céu Claro,Dupla,Desvio Temporário,Sim,4,0,2,0,2,0,2,3,"-7,16564039","-34,89760458",SR-PB,DEL14/1,UOP00/PB,
91329,2017-12-03,domingo,17:55:00,PB,230,30,JOAO PESSOA,Defeito Mecânico no Veículo,Colisão traseira,Sem Vítimas,Plena Noite,Crescente,Céu Claro,Dupla,Reta,Não,3,0,0,0,3,0,0,3,"-7,14957263","-34,91195082",SR-PB,DEL14/1,UOP00/PB,
91541,2017-11-29,quarta-feira,14:30:00,PB,230,"23,5",JOAO PESSOA,Defeito Mecânico no Veículo,Incêndio,Com Vítimas Feridas,Pleno dia,Decrescente,Céu Claro,Dupla,Reta,Sim,1,0,1,0,0,0,1,1,"-7,1624312","-34,8599467",SR-PB,DEL14/1,UOP00/PB,
91668,2017-12-04,segunda-feira,17:30:00,PB,230,16,JOAO PESSOA,Falta de Atenção à Condução,Colisão traseira,Sem Vítimas,Plena Noite,Crescente,Céu Claro,Dupla,Reta,Sim,3,0,0,0,3,0,0,3,"-7,103865","-34,8458509",SR-PB,DEL14/1,UOP00/PB,
91694,2017-12-04,segunda-feira,18:50:00,PB,230,20,JOAO PESSOA,Falta de Atenção à Condução,Colisão lateral,Com Vítimas Feridas,Plena Noite,Crescente,Céu Claro,Dupla,Reta,Sim,4,0,2,0,1,1,2,2,"-7,133701","-34,8544",SR-PB,DEL14/1,UOP00/PB,
91719,2017-12-04,segunda-feira,22:04:00,PB,230,"26,1",JOAO PESSOA,Não guardar distância de segurança,Colisão traseira,Sem Vítimas,Plena Noite,Crescente,Céu Claro,Múltipla,Reta,Sim,2,0,0,0,2,0,0,2,"-7,16885161","-34,88180668",SR-PB,DEL14/1,UOP00/PB,
91745,2017-12-05,terça-feira,01:30:00,PB,230,21,JOAO PESSOA,Ingestão de Álcool,Capotamento,Com Vítimas Feridas,Plena Noite,Decrescente,Céu Claro,Dupla,Curva,Sim,2,0,1,1,0,0,2,1,"-7,1479198","-34,8504239",SR-PB,DEL14/1,UOP00/PB,
91855,2017-12-05,terça-feira,16:40:00,PB,230,"20,5",JOAO PESSOA,Não guardar distância de segurança,Engavetamento,Sem Vítimas,Pleno dia,Crescente,Céu Claro,Dupla,Reta,Sim,4,0,0,0,4,0,0,4,"-7,14297","-34,85162",SR-PB,DEL14/1,UOP00/PB,
91876,2017-12-05,terça-feira,18:00:00,PB,230,23,JOAO PESSOA,Falta de Atenção à Condução,Colisão lateral,Com Vítimas Feridas,Plena Noite,Decrescente,Céu Claro,Dupla,Reta,Sim,3,0,2,0,1,0,2,2,"-7,15924","-34,85902",SR-PB,DEL14/1,UOP00/PB,
92083,2017-12-06,quarta-feira,14:05:00,PB,230,"15,6",JOAO PESSOA,Velocidade Incompatível,Colisão traseira,Sem Vítimas,Pleno dia,Decrescente,Céu Claro,Dupla,Reta,Sim,4,0,0,0,3,1,0,4,"-7,09954155","-34,84675966",SR-PB,DEL14/1,UOP00/PB,
93516,2017-12-11,segunda-feira,07:40:00,PB,230,20,JOAO PESSOA,Velocidade Incompatível,Colisão traseira,Sem Vítimas,Pleno dia,Crescente,Céu Claro,Dupla,Reta,Sim,4,0,0,0,4,0,0,4,"-7,13196817","-34,85120773",SR-PB,DEL14/1,UOP00/PB,
93549,2017-12-11,segunda-feira,09:40:00,PB,230,"27,8",JOAO PESSOA,Falta de Atenção à Condução,Colisão traseira,Com Vítimas Feridas,Pleno dia,Crescente,Nublado,Dupla,Reta,Sim,3,0,1,0,2,0,1,2,"-7,1645267","-34,892589",SR-PB,DEL14/1,UOP00/PB,
94292,2017-12-14,quinta-feira,10:05:00,PB,230,17,JOAO PESSOA,Falta de Atenção à Condução,Colisão lateral,Com Vítimas Feridas,Pleno dia,Crescente,Céu Claro,Dupla,Reta,Não,2,0,1,0,1,0,1,2,"-7,1121","-34,8426",SR-PB,DEL14/1,UOP00/PB,
94484,2017-12-15,sexta-feira,00:20:00,PB,230,"16,5",JOAO PESSOA,Ingestão de Álcool,Capotamento,Com Vítimas Feridas,Plena Noite,Decrescente,Céu Claro,Dupla,Não Informado,Sim,1,0,1,0,0,0,1,1,"-7,11006458","-34,8431021",SR-PB,DEL14/1,UOP00/PB,
94704,2017-12-15,sexta-feira,18:00:00,PB,230,"26,1",JOAO PESSOA,Falta de Atenção à Condução,Colisão lateral,Com Vítimas Feridas,Plena Noite,Crescente,Céu Claro,Dupla,Reta,Sim,2,0,1,0,1,0,1,2,"-7,16612474","-34,88843143",SR-PB,DEL14/1,UOP00/PB,
94720,2017-12-15,sexta-feira,19:00:00,PB,230,"23,2",JOAO PESSOA,Não guardar distância de segurança,Colisão traseira,Sem Vítimas,Plena Noite,Decrescente,Céu Claro,Dupla,Reta,Sim,3,0,0,0,3,0,0,3,"-7,162804","-34,861118",SR-PB,DEL14/1,UOP00/PB,
94740,2017-12-09,sábado,21:15:00,PB,230,24,JOAO PESSOA,Ingestão de Álcool,Colisão traseira,Com Vítimas Feridas,Plena Noite,Decrescente,Céu Claro,Dupla,Curva,Não,2,0,1,0,0,1,1,2,"-7,170556","-34,866289",SR-PB,DEL14/1,UOP00/PB,
94959,2017-12-16,sábado,12:45:00,PB,230,"17,5",JOAO PESSOA,Não guardar distância de segurança,Colisão traseira,Sem Vítimas,Pleno dia,Decrescente,Sol,Dupla,Reta,Sim,2,0,0,0,2,0,0,2,"-7,12001781","-34,84509498",SR-PB,DEL14/1,UOP00/PB,
95091,2017-12-16,sábado,19:15:00,PB,101,89,JOAO PESSOA,Velocidade Incompatível,Colisão lateral,Com Vítimas Feridas,Plena Noite,Crescente,Céu Claro,Dupla,Reta,Sim,3,0,3,0,0,0,3,2,"-7,1667739","-34,89671976",SR-PB,DEL14/1,UOP01/PB,
95365,2017-12-11,segunda-feira,07:50:00,PB,230,"21,1",JOAO PESSOA,Falta de Atenção à Condução,Colisão lateral,Sem Vítimas,Pleno dia,Crescente,Céu Claro,Dupla,Reta,Sim,3,0,0,0,3,0,0,2,"-7,14272636","-34,85156715",SR-PB,DEL14/1,UOP00/PB,
95607,2017-12-14,quinta-feira,07:40:00,PB,230,"22,9",JOAO PESSOA,Falta de Atenção à Condução,Colisão traseira,Sem Vítimas,Pleno dia,Decrescente,Nublado,Dupla,Reta,Sim,2,0,0,0,1,1,0,2,"-7,15877429","-34,85865355",SR-PB,DEL14/1,UOP00/PB,
95608,2017-12-18,segunda-feira,11:20:00,PB,101,"89,9",JOAO PESSOA,Falta de Atenção à Condução,Colisão transversal,Com Vítimas Feridas,Pleno dia,Crescente,Sol,Dupla,Não Informado,Sim,2,0,1,0,1,0,1,2,"-7,17614917","-34,89914975",SR-PB,DEL14/1,UOP01/PB,
95691,2017-12-18,segunda-feira,16:15:00,PB,230,23,JOAO PESSOA,Não guardar distância de segurança,Colisão traseira,Sem Vítimas,Pleno dia,Decrescente,Céu Claro,Múltipla,Reta,Sim,2,0,0,0,2,0,0,2,"-7,1562","-34,8574",SR-PB,DEL14/1,UOP00/PB,
95948,2017-12-19,terça-feira,16:00:00,PB,230,"27,8",JOAO PESSOA,Velocidade Incompatível,Colisão transversal,Com Vítimas Fatais,Pleno dia,Decrescente,Céu Claro,Dupla,Curva,Sim,2,1,0,0,1,0,0,2,"-7,16568829","-34,89769578",SR-PB,DEL14/1,UOP00/PB,
96120,2017-12-20,quarta-feira,07:20:00,PB,101,91,JOAO PESSOA,Velocidade Incompatível,Queda de ocupante de veículo,Com Vítimas Feridas,Pleno dia,Crescente,Sol,Dupla,Não Informado,Não,1,0,1,0,0,0,1,1,"-7,18687675","-34,90264177",SR-PB,DEL14/1,UOP01/PB,
96389,2017-12-21,quinta-feira,06:05:00,PB,230,18,JOAO PESSOA,Velocidade Incompatível,Saída de leito carroçável,Sem Vítimas,Pleno dia,Crescente,Nublado,Dupla,Curva,Sim,1,0,0,0,1,0,0,1,"-7,12839187","-34,8469162",SR-PB,DEL14/1,UOP00/PB,
96423,2017-12-21,quinta-feira,07:10:00,PB,101,92,JOAO PESSOA,Falta de Atenção à Condução,Colisão traseira,Sem Vítimas,Pleno dia,Decrescente,Céu Claro,Dupla,Reta,Sim,2,0,0,0,2,0,0,2,"-7,2071","-34,9092",SR-PB,DEL14/1,UOP01/PB,
96446,2017-10-02,segunda-feira,18:05:00,PB,101,"88,5",JOAO PESSOA,Falta de Atenção à Condução,Colisão lateral,Com Vítimas Feridas,Anoitecer,Decrescente,Céu Claro,Dupla,Reta,Sim,2,0,0,1,0,1,1,2,"-7,1603","-34,9055",SR-PB,DEL14/1,UOP00/PB,
97156,2017-12-23,sábado,04:00:00,PB,230,27,JOAO PESSOA,Falta de Atenção à Condução,Queda de ocupante de veículo,Com Vítimas Feridas,Amanhecer,Decrescente,Céu Claro,Múltipla,Reta,Sim,1,0,1,0,0,0,1,1,"-7,1677","-34,8855",SR-PB,DEL14/1,UOP00/PB,
97274,2017-12-23,sábado,10:02:00,PB,230,"17,8",JOAO PESSOA,Não guardar distância de segurança,Colisão traseira,Com Vítimas Feridas,Pleno dia,Crescente,Céu Claro,Dupla,Não Informado,Sim,3,0,1,1,1,0,2,2,"-7,12273269","-34,84518947",SR-PB,DEL14/1,UOP00/PB,
97275,2017-12-23,sábado,09:45:00,PB,230,"19,4",JOAO PESSOA,Não guardar distância de segurança,Engavetamento,Sem Vítimas,Pleno dia,Crescente,Sol,Dupla,Curva,Sim,3,0,0,0,2,1,0,3,"-7,13158998","-34,85277861",SR-PB,DEL14/1,UOP00/PB,
97339,2017-12-23,sábado,12:35:00,PB,230,"27,8",JOAO PESSOA,Não guardar distância de segurança,Engavetamento,Com Vítimas Feridas,Pleno dia,Crescente,Sol,Dupla,Viaduto,Sim,4,0,1,0,3,0,1,4,"-7,16563409","-34,89605159",SR-PB,DEL14/1,UOP00/PB,
97766,2017-12-24,domingo,14:22:00,PB,230,"19,1",JOAO PESSOA,Velocidade Incompatível,Colisão traseira,Sem Vítimas,Pleno dia,Decrescente,Céu Claro,Dupla,Não Informado,Sim,2,0,0,0,1,1,0,2,"-7,14923722","-34,8509604",SR-PB,DEL14/1,UOP00/PB,
98464,2017-12-26,terça-feira,18:20:00,PB,101,"86,9",JOAO PESSOA,Falta de Atenção à Condução,Colisão traseira,Com Vítimas Feridas,Plena Noite,Crescente,Céu Claro,Dupla,Curva,Sim,2,0,1,0,1,0,1,2,"-7,15549022","-34,90729987",SR-PB,DEL14/1,UOP00/PB,
98725,2017-12-27,quarta-feira,17:25:00,PB,230,"26,2",JOAO PESSOA,Falta de Atenção à Condução,Colisão lateral,Com Vítimas Feridas,Plena Noite,Crescente,Céu Claro,Dupla,Reta,Sim,3,0,3,0,0,0,3,2,"-7,168832","-34,880006",SR-PB,DEL14/1,UOP00/PB,
99029,2017-12-28,quinta-feira,19:40:00,PB,101,"90,5",JOAO PESSOA,Falta de Atenção à Condução,Colisão lateral,Com Vítimas Feridas,Plena Noite,Crescente,Céu Claro,Múltipla,Não Informado,Sim,2,0,1,0,1,0,1,2,"-7,17843289","-34,89969403",SR-PB,DEL14/1,UOP01/PB,
99363,2017-12-29,sexta-feira,21:45:00,PB,101,"85,6",JOAO PESSOA,Defeito Mecânico no Veículo,Colisão com objeto estático,Sem Vítimas,Plena Noite,Crescente,Céu Claro,Simples,Curva,Sim,1,0,0,0,1,0,0,1,"-7,1500824","-34,91146892",SR-PB,DEL14/1,UOP00/PB,
99506,2017-12-30,sábado,09:00:00,PB,230,20,JOAO PESSOA,Mal Súbito,Queda de ocupante de veículo,Com Vítimas Feridas,Pleno dia,Decrescente,Sol,Múltipla,Interseção de vias,Não,2,0,1,0,1,0,1,1,"-7,1337","-34,8544",SR-PB,DEL14/1,UOP00/PB,
99705,2017-12-30,sábado,19:00:00,PB,230,30,JOAO PESSOA,Ingestão de Álcool,Colisão com objeto estático,Sem Vítimas,Plena Noite,Decrescente,Nublado,Dupla,Reta,Sim,1,0,0,0,1,0,0,1,"-7,1549","-34,9077",SR-PB,DEL14/1,UOP00/PB,
105710,2017-10-01,domingo,17:10:00,PB,230,"30,6",JOAO PESSOA,Falta de Atenção à Condução,Colisão lateral,Com Vítimas Feridas,Anoitecer,Decrescente,Céu Claro,Dupla,Reta,Sim,2,0,1,1,0,0,2,2,"-7,15062762","-34,91070807",SR-PB,DEL14/1,UOP00/PB,
106333,2017-01-07,sábado,18:03:00,PB,230,26,JOAO PESSOA,Falta de Atenção à Condução,Colisão transversal,Com Vítimas Feridas,Plena Noite,Decrescente,Céu Claro,Dupla,Reta,Sim,3,0,1,2,0,0,3,2,"-7,1693","-34,8782",SR-PB,DEL14/1,UOP00/PB,
115222,2017-12-27,quarta-feira,18:45:00,PB,230,"20,3",JOAO PESSOA,Falta de Atenção à Condução,Colisão lateral,Com Vítimas Feridas,Plena Noite,Crescente,Céu Claro,Dupla,Reta,Não,4,0,2,0,2,0,2,4,"-7,13980415","-34,85236913",SR-PB,DEL14/1,UOP00/PB,
127708,2017-12-06,quarta-feira,17:15:00,PB,230,29,JOAO PESSOA,Mal Súbito,Atropelamento de Pedestre,Com Vítimas Feridas,Pleno dia,Decrescente,Céu Claro,Dupla,Reta,Sim,2,0,1,1,0,0,2,1,"-7,16222864","-34,90319699",SR-PB,DEL14/1,UOP00/PB,
127717,2017-12-29,sexta-feira,16:50:00,PB,230,27,JOAO PESSOA,Não guardar distância de segurança,Engavetamento,Sem Vítimas,Pleno dia,Decrescente,Céu Claro,Dupla,Não Informado,Sim,3,0,0,0,3,0,0,3,"-7,16550031","-34,89048094",SR-PB,DEL14/1,UOP00/PB,
142489,2017-10-10,terça-feira,07:20:00,PB,230,19,JOAO PESSOA,Falta de Atenção à Condução,Engavetamento,Com Vítimas Feridas,Pleno dia,Crescente,Chuva,Dupla,Reta,Sim,5,0,1,0,3,1,1,5,"-7,13045718","-34,8516798",SR-PB,DEL14/1,UOP00/PB,
164496,2017-02-10,sexta-feira,08:30:00,PB,230,16,JOAO PESSOA,Não guardar distância de segurança,Colisão traseira,Com Vítimas Feridas,Pleno dia,Crescente,Céu Claro,Dupla,Reta,Sim,4,0,1,0,3,0,1,4,"-7,11007859","-34,84322011",SR-PB,DEL14/1,UOP00/PB,
187127,2017-03-13,segunda-feira,08:00:00,PB,101,"90,4",JOAO PESSOA,Avarias e/ou desgaste excessivo no pneu,Tombamento,Com Vítimas Feridas,Pleno dia,Decrescente,Nublado,Dupla,Desvio Temporário,Não,2,0,2,0,0,0,2,1,"-7,17932494","-34,90026404",SR-PB,DEL14/1,UOP01/PB,
id,data_inversa,dia_semana,horario,uf,br,km,municipio,causa_acidente,tipo_acidente,classificacao_acidente,fase_dia,sentido_via,condicao_metereologica,tipo_pista,tracado_via,uso_solo,pessoas,mortos,feridos_leves,feridos_graves,ilesos,ignorados,feridos,veiculos,latitude,longitude,regional,delegacia,uop,geometry
100035,2018-01-01,segunda-feira,06:00:00,PB,230,"26,9",JOAO PESSOA,Falta de Atenção à Condução,Tombamento,Com Vítimas Feridas,Pleno dia,Decrescente,Céu Claro,Dupla,Reta,Sim,1,0,1,0,0,0,1,1,"-7,235786","-34,9252969",SR-PB,DEL14/1,UOP00/PB,
100141,2018-01-01,segunda-feira,17:35:00,PB,230,28,JOAO PESSOA,Falta de Atenção à Condução,Colisão traseira,Com Vítimas Feridas,Anoitecer,Crescente,Céu Claro,Dupla,Reta,Sim,3,0,1,0,2,0,1,2,"-7,1651","-34,8941",SR-PB,DEL14/1,UOP00/PB,
100392,2018-01-02,terça-feira,14:55:00,PB,230,"19,4",JOAO PESSOA,Desobediência às normas de trânsito pelo condutor,Colisão lateral,Com Vítimas Feridas,Pleno dia,Crescente,Sol,Dupla,Não Informado,Sim,3,0,2,0,1,0,2,2,"-7,13034022","-34,84972031",SR-PB,DEL14/1,UOP00/PB,
100437,2018-01-02,terça-feira,17:30:00,PB,230,"20,9",JOAO PESSOA,Não guardar distância de segurança,Engavetamento,Com Vítimas Feridas,Anoitecer,Crescente,Nublado,Dupla,Reta,Sim,6,0,1,1,4,0,2,5,"-7,14072184","-34,85214941",SR-PB,DEL14/1,UOP00/PB,
100496,2018-01-02,terça-feira,23:19:00,PB,101,"93,1",JOAO PESSOA,Animais na Pista,Atropelamento de Animal,Sem Vítimas,Plena Noite,Decrescente,Céu Claro,Dupla,Reta,Não,1,0,0,0,1,0,0,1,"-7,20013915","-34,90687972",SR-PB,DEL14/1,UOP01/PB,
101091,2018-01-05,sexta-feira,08:00:00,PB,230,"18,2",JOAO PESSOA,Falta de Atenção à Condução,Engavetamento,Sem Vítimas,Pleno dia,Decrescente,Céu Claro,Dupla,Reta,Sim,3,0,0,0,3,0,0,3,"-7,131312","-34,84852385",SR-PB,DEL14/1,UOP00/PB,
101373,2018-01-06,sábado,06:45:00,PB,230,14,JOAO PESSOA,Falta de Atenção à Condução,Colisão com objeto estático,Sem Vítimas,Pleno dia,Decrescente,Céu Claro,Dupla,Reta,Sim,1,0,0,0,0,1,0,1,"-7,0844","-34,8488",SR-PB,DEL14/1,UOP00/PB,
101752,2018-01-07,domingo,14:20:00,PB,230,28,JOAO PESSOA,Falta de Atenção à Condução,Colisão traseira,Com Vítimas Feridas,Pleno dia,Decrescente,Céu Claro,Dupla,Reta,Sim,4,0,2,0,2,0,2,2,"-7,16496079","-34,89959005",SR-PB,DEL14/1,UOP00/PB,
102163,2018-01-09,terça-feira,06:30:00,PB,101,"88,3",JOAO PESSOA,Ingestão de Álcool,Queda de ocupante de veículo,Com Vítimas Feridas,Pleno dia,Crescente,Nublado,Simples,Não Informado,Sim,2,0,2,0,0,0,2,1,"-7,1676639","-34,89666824",SR-PB,DEL14/1,UOP00/PB,
102542,2018-01-10,quarta-feira,22:55:00,PB,230,"16,9",JOAO PESSOA,Falta de Atenção à Condução,Colisão com objeto em movimento,Com Vítimas Feridas,Amanhecer,Crescente,Céu Claro,Dupla,Reta,Sim,3,0,2,1,0,0,3,2,"-7,11560596","-34,8419863",SR-PB,DEL14/1,UOP00/PB,
102737,2018-01-11,quinta-feira,18:50:00,PB,230,27,JOAO PESSOA,Falta de Atenção à Condução,Colisão traseira,Com Vítimas Feridas,Plena Noite,Decrescente,Céu Claro,Dupla,Curva,Sim,2,0,1,0,1,0,1,2,"-7,16563507","-34,89000052",SR-PB,DEL14/1,UOP00/PB,
102993,2018-01-12,sexta-feira,18:15:00,PB,230,29,JOAO PESSOA,Ingestão de Álcool,Engavetamento,Com Vítimas Feridas,Anoitecer,Crescente,Céu Claro,Dupla,Curva,Sim,5,0,1,0,4,0,1,4,"-7,16040149","-34,90526766",SR-PB,DEL14/1,UOP00/PB,
103196,2018-01-13,sábado,14:45:00,PB,230,"24,4",JOAO PESSOA,Condutor Dormindo,Colisão com objeto estático,Sem Vítimas,Pleno dia,Decrescente,Céu Claro,Dupla,Curva,Sim,1,0,0,0,1,0,0,1,"-7,1699729","-34,86564338",SR-PB,DEL14/1,UOP00/PB,
103271,2018-01-13,sábado,19:40:00,PB,230,"19,8",JOAO PESSOA,Falta de Atenção do Pedestre,Atropelamento de Pedestre,Com Vítimas Feridas,Plena Noite,Decrescente,Céu Claro,Dupla,Não Informado,Sim,2,0,0,1,1,0,1,1,"-7,13258045","-34,85284063",SR-PB,DEL14/1,UOP00/PB,
103339,2018-01-14,domingo,01:10:00,PB,230,"17,8",JOAO PESSOA,Ingestão de Álcool,Queda de ocupante de veículo,Com Vítimas Feridas,Plena Noite,Crescente,Céu Claro,Dupla,Curva,Sim,1,0,1,0,0,0,1,1,"-7,14304033","-34,85137287",SR-PB,DEL14/1,UOP00/PB,
103404,2018-01-14,domingo,08:30:00,PB,230,18,JOAO PESSOA,Defeito Mecânico no Veículo,Tombamento,Com Vítimas Feridas,Pleno dia,Decrescente,Céu Claro,Dupla,Não Informado,Sim,1,0,1,0,0,0,1,1,"-7,12248","-34,84519",SR-PB,DEL14/1,UOP00/PB,
104913,2018-01-20,sábado,16:15:00,PB,230,27,JOAO PESSOA,Animais na Pista,Atropelamento de Animal,Com Vítimas Feridas,Pleno dia,Decrescente,Céu Claro,Dupla,Curva,Sim,2,0,1,1,0,0,2,1,"-7,1677","-34,8855",SR-PB,DEL14/1,UOP00/PB,
105119,2018-01-21,domingo,10:25:00,PB,230,24,JOAO PESSOA,Avarias e/ou desgaste excessivo no pneu,Tombamento,Com Vítimas Feridas,Pleno dia,Decrescente,Céu Claro,Dupla,Curva,Não,2,0,2,0,0,0,2,1,"-7,16925","-34,865",SR-PB,DEL14/1,UOP00/PB,
105248,2018-01-21,domingo,18:40:00,PB,230,24,JOAO PESSOA,Falta de Atenção à Condução,Colisão traseira,Sem Vítimas,Plena Noite,Decrescente,Nublado,Dupla,Não Informado,Sim,2,0,0,0,2,0,0,2,"-7,16556765","-34,86274481",SR-PB,DEL14/1,UOP00/PB,
105414,2018-01-22,segunda-feira,11:20:00,PB,230,"18,5",JOAO PESSOA,Não guardar distância de segurança,Engavetamento,Com Vítimas Feridas,Pleno dia,Crescente,Sol,Dupla,Não Informado,Sim,4,0,1,0,3,0,1,4,"-7,126532","-34,84561",SR-PB,DEL14/1,UOP00/PB,
105659,2018-01-11,quinta-feira,13:55:00,PB,230,"28,6",JOAO PESSOA,Animais na Pista,Engavetamento,Sem Vítimas,Pleno dia,Decrescente,Céu Claro,Dupla,Reta,Sim,3,0,0,0,3,0,0,3,"-7,16254267","-34,90282148",SR-PB,DEL14/1,UOP00/PB,
105986,2018-01-25,quinta-feira,06:00:00,PB,230,22,JOAO PESSOA,Falta de Atenção à Condução,Queda de ocupante de veículo,Com Vítimas Feridas,Pleno dia,Decrescente,Céu Claro,Dupla,Reta,Sim,1,0,0,1,0,0,1,1,"-7,15087094","-34,85259742",SR-PB,DEL14/1,UOP00/PB,
106385,2018-01-26,sexta-feira,19:00:00,PB,230,27,JOAO PESSOA,Não guardar distância de segurança,Colisão traseira,Com Vítimas Feridas,Plena Noite,Decrescente,Nublado,Dupla,Reta,Sim,2,0,1,0,1,0,1,2,"-7,1677","-34,8855",SR-PB,DEL14/1,UOP00/PB,
106395,2018-01-26,sexta-feira,20:30:00,PB,101,89,JOAO PESSOA,Ingestão de Álcool,Colisão transversal,Com Vítimas Feridas,Plena Noite,Crescente,Céu Claro,Dupla,Não Informado,Sim,2,0,1,0,1,0,1,2,"-7,180639","-34,90072131",SR-PB,DEL14/1,UOP01/PB,
106801,2018-01-28,domingo,12:15:00,PB,230,"27,1",JOAO PESSOA,Velocidade Incompatível,Colisão com objeto estático,Com Vítimas Feridas,Pleno dia,Crescente,Sol,Dupla,Reta,Sim,2,0,1,0,1,0,1,2,"-7,16516823","-34,89062042",SR-PB,DEL14/1,UOP00/PB,
107463,2018-01-30,terça-feira,23:20:00,PB,230,"19,4",JOAO PESSOA,Velocidade Incompatível,Colisão com objeto estático,Com Vítimas Feridas,Plena Noite,Decrescente,Céu Claro,Dupla,Reta,Sim,1,0,1,0,0,0,1,1,"-7,13045718","-34,85139012",SR-PB,DEL14/1,UOP00/PB,
107788,2018-02-01,quinta-feira,07:30:00,PB,230,"21,1",JOAO PESSOA,Não guardar distância de segurança,Engavetamento,Com Vítimas Feridas,Pleno dia,Crescente,Sol,Dupla,Reta,Sim,5,0,1,0,4,0,1,5,"-7,14539047","-34,85103881",SR-PB,DEL14/1,UOP00/PB,
108524,2018-02-03,sábado,23:10:00,PB,230,"18,5",JOAO PESSOA,Velocidade Incompatível,Colisão com objeto estático,Sem Vítimas,Plena Noite,Decrescente,Céu Claro,Dupla,Curva,Sim,1,0,0,0,0,1,0,1,"-7,126214","-34,845444",SR-PB,DEL14/1,UOP00/PB,
108825,2018-02-05,segunda-feira,06:50:00,PB,101,"89,5",JOAO PESSOA,Desobediência às normas de trânsito pelo condutor,Colisão transversal,Com Vítimas Feridas,Pleno dia,Decrescente,Sol,Dupla,Retorno Regulamentado,Sim,2,0,1,0,1,0,1,2,"-7,17881876","-34,89983886",SR-PB,DEL14/1,UOP01/PB,
108830,2018-02-05,segunda-feira,06:30:00,PB,230,23,JOAO PESSOA,Desobediência às normas de trânsito pelo condutor,Colisão lateral,Com Vítimas Feridas,Pleno dia,Decrescente,Céu Claro,Dupla,Reta,Sim,4,0,2,0,2,0,2,2,"-7,15631524","-34,85721588",SR-PB,DEL14/1,UOP00/PB,
108867,2018-02-05,segunda-feira,09:35:00,PB,230,"17,5",JOAO PESSOA,Falta de Atenção à Condução,Colisão traseira,Com Vítimas Feridas,Pleno dia,Crescente,Céu Claro,Dupla,Interseção de vias,Sim,3,0,2,0,1,0,2,2,"-7,11595012","-34,84395004",SR-PB,DEL14/1,UOP00/PB,
108955,2018-02-05,segunda-feira,17:00:00,PB,101,"89,5",JOAO PESSOA,Falta de Atenção à Condução,Colisão transversal,Com Vítimas Feridas,Pleno dia,Decrescente,Sol,Dupla,Reta,Sim,2,0,1,0,1,0,1,2,"-7,17810344","-34,89960826",SR-PB,DEL14/1,UOP01/PB,
110727,2018-02-12,segunda-feira,06:50:00,PB,230,"18,6",JOAO PESSOA,Falta de Atenção à Condução,Colisão com objeto estático,Sem Vítimas,Pleno dia,Decrescente,Céu Claro,Dupla,Curva,Sim,1,0,0,0,1,0,0,1,"-7,12813637","-34,84654069",SR-PB,DEL14/1,UOP00/PB,
110728,2018-02-12,segunda-feira,07:20:00,PB,230,"18,7",JOAO PESSOA,Velocidade Incompatível,Colisão traseira,Com Vítimas Feridas,Pleno dia,Decrescente,Céu Claro,Dupla,Curva,Sim,2,0,1,0,1,0,1,2,"-7,12868996","-34,84809101",SR-PB,DEL14/1,UOP00/PB,
110942,2018-02-13,terça-feira,07:45:00,PB,230,"26,5",JOAO PESSOA,Velocidade Incompatível,Colisão com objeto estático,Sem Vítimas,Pleno dia,Decrescente,Chuva,Dupla,Reta,Sim,1,0,0,0,1,0,0,1,"-7,167677","-34,88573",SR-PB,DEL14/1,UOP00/PB,
111175,2018-02-14,quarta-feira,06:00:00,PB,230,24,JOAO PESSOA,Falta de Atenção à Condução,Colisão traseira,Com Vítimas Feridas,Amanhecer,Decrescente,Chuva,Dupla,Reta,Sim,2,0,0,1,1,0,1,2,"-7,1637","-34,8618",SR-PB,DEL14/1,UOP00/PB,