id,data_inversa,dia_semana,horario,uf,br,km,municipio,causa_acidente,tipo_acidente,classificacao_acidente,fase_dia,sentido_via,condicao_metereologica,tipo_pista,tracado_via,uso_solo,pessoas,mortos,feridos_leves,feridos_graves,ilesos,ignorados,feridos,veiculos,latitude,longitude,regional,delegacia,uop,geometry
111615,2018-02-16,sexta-feira,07:55:00,PB,101,91,JOAO PESSOA,Falta de Atenção do Pedestre,Atropelamento de Pedestre,Com Vítimas Feridas,Pleno dia,Crescente,Chuva,Dupla,Reta,Não,3,0,1,0,2,0,1,1,"-7,1984","-34,9063",SR-PB,DEL14/1,UOP01/PB,
111961,2018-02-17,sábado,19:30:00,PB,230,17,JOAO PESSOA,Falta de Atenção à Condução,Queda de ocupante de veículo,Com Vítimas Feridas,Plena Noite,Crescente,Chuva,Dupla,Reta,Sim,1,0,1,0,0,0,1,1,"-7,12517183","-34,84931946",SR-PB,DEL14/1,UOP00/PB,
113285,2018-02-23,sexta-feira,07:15:00,PB,230,"24,1",JOAO PESSOA,Falta de Atenção à Condução,Colisão lateral,Com Vítimas Feridas,Pleno dia,Decrescente,Céu Claro,Dupla,Reta,Sim,3,0,1,0,1,1,1,3,"-7,167898","-34,864117",SR-PB,DEL14/1,UOP00/PB,
113365,2018-02-23,sexta-feira,12:40:00,PB,101,90,JOAO PESSOA,Desobediência às normas de trânsito pelo condutor,Colisão frontal,Com Vítimas Feridas,Pleno dia,Decrescente,Céu Claro,Dupla,Não Informado,Sim,2,0,1,0,0,1,1,2,"-7,189411","-34,90324",SR-PB,DEL14/1,UOP01/PB,
113513,2018-02-23,sexta-feira,23:00:00,PB,230,"20,6",JOAO PESSOA,Velocidade Incompatível,Colisão com objeto estático,Sem Vítimas,Plena Noite,Decrescente,Céu Claro,Dupla,Reta,Sim,1,0,0,0,1,0,0,1,"-7,13838123","-34,85289961",SR-PB,DEL14/1,UOP00/PB,
113663,2018-02-24,sábado,13:25:00,PB,230,24,JOAO PESSOA,Falta de Atenção à Condução,Colisão com objeto estático,Com Vítimas Feridas,Pleno dia,Decrescente,Céu Claro,Dupla,Reta,Sim,1,0,1,0,0,0,1,1,"-7,1637","-34,8618",SR-PB,DEL14/1,UOP00/PB,
113664,2018-02-24,sábado,12:50:00,PB,230,22,JOAO PESSOA,Velocidade Incompatível,Colisão traseira,Com Vítimas Feridas,Pleno dia,Decrescente,Céu Claro,Dupla,Reta,Sim,2,0,1,0,0,1,1,2,"-7,1541","-34,8556",SR-PB,DEL14/1,UOP00/PB,
113726,2018-02-24,sábado,18:30:00,PB,230,"23,6",JOAO PESSOA,Defeito Mecânico no Veículo,Queda de ocupante de veículo,Com Vítimas Feridas,Plena Noite,Crescente,Céu Claro,Dupla,Reta,Sim,2,0,2,0,0,0,2,1,"-7,16070117","-34,86004069",SR-PB,DEL14/1,UOP00/PB,
113794,2018-02-24,sábado,23:09:00,PB,230,19,JOAO PESSOA,Falta de Atenção à Condução,Colisão com objeto estático,Com Vítimas Feridas,Plena Noite,Crescente,Céu Claro,Dupla,Reta,Sim,1,0,1,0,0,0,1,1,"-7,1281","-34,8466",SR-PB,DEL14/1,UOP00/PB,
114075,2018-02-25,domingo,20:31:00,PB,230,"27,8",JOAO PESSOA,Ingestão de Álcool,Capotamento,Sem Vítimas,Plena Noite,Crescente,Céu Claro,Dupla,Reta,Sim,1,0,0,0,1,0,0,1,"-7,16357525","-34,89189148",SR-PB,DEL14/1,UOP00/PB,
114164,2018-02-26,segunda-feira,08:26:00,PB,230,25,JOAO PESSOA,Falta de Atenção à Condução,Queda de ocupante de veículo,Com Vítimas Feridas,Pleno dia,Decrescente,Céu Claro,Múltipla,Não Informado,Sim,1,0,0,1,0,0,1,1,"-7,1707","-34,8684",SR-PB,DEL14/1,UOP00/PB,
114326,2018-02-26,segunda-feira,18:00:00,PB,230,"18,9",JOAO PESSOA,Falta de Atenção à Condução,Engavetamento,Sem Vítimas,Plena Noite,Crescente,Céu Claro,Dupla,Reta,Sim,3,0,0,0,3,0,0,3,"-7,1302226","-34,8513564",SR-PB,DEL14/1,UOP00/PB,
114393,2018-02-27,terça-feira,00:45:00,PB,230,"23,1",JOAO PESSOA,Velocidade Incompatível,Capotamento,Sem Vítimas,Plena Noite,Decrescente,Céu Claro,Simples,Reta,Não,1,0,0,0,0,1,0,1,"-7,1569502","-34,85784012",SR-PB,DEL14/1,UOP00/PB,
114880,2018-02-28,quarta-feira,21:25:00,PB,101,"88,5",JOAO PESSOA,Falta de Atenção do Pedestre,Atropelamento de Pedestre,Com Vítimas Feridas,Plena Noite,Crescente,Chuva,Dupla,Reta,Sim,3,0,2,1,0,0,3,1,"-7,169921","-34,897323",SR-PB,DEL14/1,UOP00/PB,
115204,2018-01-17,quarta-feira,00:05:00,PB,230,17,JOAO PESSOA,Ingestão de Álcool,Saída de leito carroçável,Sem Vítimas,Plena Noite,Decrescente,Céu Claro,Dupla,Curva,Sim,1,0,0,0,0,1,0,1,"-7,11512156","-34,84181195",SR-PB,DEL14/1,UOP00/PB,
115247,2018-03-02,sexta-feira,14:45:00,PB,230,31,JOAO PESSOA,Condutor Dormindo,Colisão traseira,Com Vítimas Feridas,Pleno dia,Crescente,Céu Claro,Dupla,Reta,Sim,2,0,1,0,1,0,1,2,"-7,1549","-34,9077",SR-PB,DEL14/1,UOP00/PB,
115349,2018-03-02,sexta-feira,19:40:00,PB,230,18,JOAO PESSOA,Defeito Mecânico no Veículo,Saída de leito carroçável,Sem Vítimas,Plena Noite,Crescente,Céu Claro,Dupla,Não Informado,Sim,1,0,0,0,1,0,0,1,"-7,1198","-34,8453",SR-PB,DEL14/1,UOP00/PB,
116407,2018-03-07,quarta-feira,08:14:00,PB,101,"86,3",JOAO PESSOA,Falta de Atenção à Condução,Colisão lateral,Sem Vítimas,Pleno dia,Crescente,Céu Claro,Dupla,Não Informado,Sim,2,0,0,0,2,0,0,2,"-7,15421","-34,908025",SR-PB,DEL14/1,UOP00/PB,
116443,2018-01-22,segunda-feira,22:25:00,PB,230,"19,7",JOAO PESSOA,Velocidade Incompatível,Colisão com objeto estático,Sem Vítimas,Plena Noite,Decrescente,Céu Claro,Dupla,Curva,Não,1,0,0,0,1,0,0,1,"-7,131972","-34,853152",SR-PB,DEL14/1,UOP00/PB,
116611,2018-03-08,quinta-feira,06:05:00,PB,230,"28,8",JOAO PESSOA,Falta de Atenção à Condução,Colisão lateral,Com Vítimas Feridas,Pleno dia,Decrescente,Céu Claro,Dupla,Reta,Sim,2,0,0,1,0,1,1,2,"-7,1663","-34,9",SR-PB,DEL14/1,UOP00/PB,
116730,2018-01-12,sexta-feira,14:15:00,PB,230,19,JOAO PESSOA,Ingestão de Álcool,Colisão lateral,Com Vítimas Feridas,Pleno dia,Decrescente,Céu Claro,Dupla,Reta,Sim,2,0,1,0,1,0,1,2,"-7,12861011","-34,84753579",SR-PB,DEL14/1,UOP00/PB,
116907,2018-03-09,sexta-feira,11:30:00,PB,230,"27,9",JOAO PESSOA,Defeito Mecânico no Veículo,Colisão com objeto estático,Sem Vítimas,Pleno dia,Crescente,Sol,Simples,Curva,Sim,1,0,0,0,1,0,0,1,"-7,1651","-34,8941",SR-PB,DEL14/1,UOP00/PB,
116940,2018-01-06,sábado,03:00:00,PB,230,"23,1",JOAO PESSOA,Falta de Atenção à Condução,Colisão traseira,Com Vítimas Feridas,Plena Noite,Crescente,Nublado,Dupla,Reta,Sim,2,0,1,0,0,1,1,2,"-7,1569502","-34,85784012",SR-PB,DEL14/1,UOP00/PB,
116993,2018-01-11,quinta-feira,18:10:00,PB,230,27,JOAO PESSOA,Ingestão de Álcool,Atropelamento de Pedestre,Com Vítimas Feridas,Plena Noite,Crescente,Céu Claro,Dupla,Reta,Sim,2,0,0,1,0,1,1,1,"-7,1650587","-34,8934857",SR-PB,DEL14/1,UOP00/PB,
117240,2018-03-10,sábado,14:20:00,PB,101,"88,9",JOAO PESSOA,Desobediência às normas de trânsito pelo condutor,Colisão transversal,Com Vítimas Feridas,Pleno dia,Crescente,Sol,Múltipla,Retorno Regulamentado,Sim,2,0,2,0,0,0,2,2,"-7,18118715","-34,90082932",SR-PB,DEL14/1,UOP00/PB,
117729,2018-03-12,segunda-feira,08:45:00,PB,101,"88,3",JOAO PESSOA,Desobediência às normas de trânsito pelo condutor,Colisão lateral,Com Vítimas Feridas,Pleno dia,Crescente,Céu Claro,Dupla,Curva,Não,2,0,0,1,1,0,1,2,"-7,1716","-34,8978",SR-PB,DEL14/1,UOP00/PB,
117773,2018-02-28,quarta-feira,07:20:00,PB,230,"18,5",JOAO PESSOA,Não guardar distância de segurança,Colisão lateral,Com Vítimas Feridas,Pleno dia,Crescente,Céu Claro,Dupla,Reta,Sim,2,0,1,0,1,0,1,2,"-7,1198","-34,8453",SR-PB,DEL14/1,UOP00/PB,
117962,2018-01-17,quarta-feira,14:20:00,PB,230,17,JOAO PESSOA,Não guardar distância de segurança,Queda de ocupante de veículo,Com Vítimas Feridas,Pleno dia,Crescente,Céu Claro,Múltipla,Reta,Sim,2,0,0,1,0,1,1,2,"-7,10964019","-34,84355993",SR-PB,DEL14/1,UOP00/PB,
117985,2018-03-13,terça-feira,11:45:00,PB,230,"22,8",JOAO PESSOA,Falta de Atenção à Condução,Colisão traseira,Sem Vítimas,Pleno dia,Decrescente,Céu Claro,Dupla,Reta,Sim,3,0,0,0,3,0,0,3,"-7,1495","-34,8517",SR-PB,DEL14/1,UOP00/PB,
118024,2018-03-13,terça-feira,15:45:00,PB,230,"26,1",JOAO PESSOA,Não guardar distância de segurança,Colisão traseira,Sem Vítimas,Pleno dia,Decrescente,Céu Claro,Múltipla,Reta,Sim,3,0,0,0,2,1,0,3,"-7,169246","-34,879638",SR-PB,DEL14/1,UOP00/PB,
118797,2018-03-16,sexta-feira,21:40:00,PB,230,"21,1",JOAO PESSOA,Defeito na Via,Tombamento,Com Vítimas Feridas,Plena Noite,Crescente,Céu Claro,Dupla,Reta,Sim,1,0,1,0,0,0,1,1,"-7,14205","-34,851843",SR-PB,DEL14/1,UOP00/PB,
118891,2018-03-17,sábado,07:55:00,PB,230,"23,1",JOAO PESSOA,Não guardar distância de segurança,Colisão traseira,Com Vítimas Feridas,Pleno dia,Decrescente,Sol,Dupla,Reta,Sim,3,0,0,2,1,0,2,2,"-7,164155","-34,86052",SR-PB,DEL14/1,UOP00/PB,
119055,2018-03-17,sábado,22:20:00,PB,230,"27,8",JOAO PESSOA,Ingestão de Álcool,Colisão lateral,Com Vítimas Feridas,Plena Noite,Decrescente,Céu Claro,Dupla,Viaduto,Sim,2,0,1,0,1,0,1,2,"-7,165678","-34,89631",SR-PB,DEL14/1,UOP00/PB,
119182,2018-03-18,domingo,11:40:00,PB,230,"18,6",JOAO PESSOA,Falta de Atenção à Condução,Queda de ocupante de veículo,Com Vítimas Feridas,Pleno dia,Crescente,Sol,Dupla,Curva,Sim,1,0,1,0,0,0,1,1,"-7,1198","-34,8453",SR-PB,DEL14/1,UOP00/PB,
119216,2018-03-18,domingo,16:00:00,PB,230,24,JOAO PESSOA,Ingestão de Álcool,Colisão lateral,Sem Vítimas,Pleno dia,Decrescente,Céu Claro,Dupla,Curva,Sim,2,0,0,0,2,0,0,2,"-7,169596","-34,865192",SR-PB,DEL14/1,UOP00/PB,
119335,2018-03-19,segunda-feira,00:40:00,PB,230,"19,2",JOAO PESSOA,Falta de Atenção à Condução,Colisão com objeto estático,Sem Vítimas,Plena Noite,Crescente,Céu Claro,Dupla,Reta,Não,2,0,0,0,2,0,0,1,"-7,1324216","-34,8534358",SR-PB,DEL14/1,UOP00/PB,
120014,2018-03-22,quinta-feira,06:47:00,PB,230,27,JOAO PESSOA,Ingestão de Álcool,Colisão com objeto estático,Com Vítimas Feridas,Pleno dia,Crescente,Céu Claro,Dupla,Reta,Sim,1,0,1,0,0,0,1,1,"-7,1677","-34,8855",SR-PB,DEL14/1,UOP00/PB,
120026,2018-03-22,quinta-feira,05:30:00,PB,230,"26,9",JOAO PESSOA,Pista Escorregadia,Tombamento,Com Vítimas Feridas,Pleno dia,Crescente,Céu Claro,Dupla,Viaduto,Sim,1,0,1,0,0,0,1,1,"-7,165309","-34,898204",SR-PB,DEL14/1,UOP00/PB,
120027,2018-03-22,quinta-feira,05:30:00,PB,230,28,JOAO PESSOA,Pista Escorregadia,Tombamento,Com Vítimas Feridas,Pleno dia,Crescente,Céu Claro,Dupla,Curva,Sim,1,0,1,0,0,0,1,1,"-7,165309","-34,898204",SR-PB,DEL14/1,UOP00/PB,
120119,2018-03-22,quinta-feira,15:40:00,PB,230,17,JOAO PESSOA,Falta de Atenção à Condução,Colisão lateral,Com Vítimas Feridas,Pleno dia,Crescente,Céu Claro,Dupla,Reta,Sim,3,0,1,0,2,0,1,2,"-7,1182278","-34,8443474",SR-PB,DEL14/1,UOP00/PB,
120149,2018-03-08,quinta-feira,17:55:00,PB,230,24,JOAO PESSOA,Velocidade Incompatível,Engavetamento,Com Vítimas Feridas,Anoitecer,Decrescente,Céu Claro,Dupla,Não Informado,Sim,4,0,1,0,3,0,1,3,"-7,1637","-34,8618",SR-PB,DEL14/1,UOP00/PB,
120198,2018-03-22,quinta-feira,21:25:00,PB,101,89,JOAO PESSOA,Ingestão de Álcool,Atropelamento de Pedestre,Com Vítimas Feridas,Plena Noite,Decrescente,Céu Claro,Dupla,Reta,Sim,3,0,3,0,0,0,3,1,"-7,174583","-34,89864",SR-PB,DEL14/1,UOP01/PB,
120258,2018-03-23,sexta-feira,07:50:00,PB,230,"19,3",JOAO PESSOA,Falta de Atenção à Condução,Engavetamento,Sem Vítimas,Pleno dia,Crescente,Sol,Múltipla,Reta,Sim,4,0,0,0,4,0,0,4,"-7,1281","-34,8466",SR-PB,DEL14/1,UOP00/PB,
120722,2018-03-24,sábado,21:40:00,PB,230,"25,5",JOAO PESSOA,Ingestão de Álcool,Colisão lateral,Sem Vítimas,Plena Noite,Decrescente,Chuva,Múltipla,Não Informado,Sim,3,0,0,0,2,1,0,2,"-7,1707","-34,8684",SR-PB,DEL14/1,UOP00/PB,
120824,2018-03-25,domingo,10:15:00,PB,230,"27,8",JOAO PESSOA,Avarias e/ou desgaste excessivo no pneu,Capotamento,Com Vítimas Feridas,Pleno dia,Decrescente,Nublado,Simples,Interseção de vias,Sim,1,0,1,0,0,0,1,1,"-7,16493782","-34,89601135",SR-PB,DEL14/1,UOP00/PB,
121303,2018-03-27,terça-feira,10:10:00,PB,230,17,JOAO PESSOA,Não guardar distância de segurança,Colisão traseira,Com Vítimas Feridas,Pleno dia,Decrescente,Céu Claro,Dupla,Curva,Sim,2,0,1,0,0,1,1,2,"-7,1121","-34,8426",SR-PB,DEL14/1,UOP00/PB,
121503,2018-03-28,quarta-feira,07:40:00,PB,230,28,JOAO PESSOA,Pista Escorregadia,Colisão com objeto estático,Sem Vítimas,Pleno dia,Decrescente,Chuva,Simples,Curva,Sim,1,0,0,0,1,0,0,1,"-7,165977","-34,8946",SR-PB,DEL14/1,UOP00/PB,
121628,2018-03-28,quarta-feira,20:40:00,PB,230,"23,2",JOAO PESSOA,Velocidade Incompatível,Colisão lateral,Com Vítimas Feridas,Plena Noite,Decrescente,Céu Claro,Dupla,Reta,Sim,2,0,1,0,1,0,1,2,"-7,162351","-34,860897",SR-PB,DEL14/1,UOP00/PB,
122214,2018-03-31,sábado,02:00:00,PB,230,25,JOAO PESSOA,Ingestão de Álcool,Colisão com objeto estático,Com Vítimas Feridas,Plena Noite,Decrescente,Céu Claro,Dupla,Curva,Sim,1,0,0,1,0,0,1,1,"-7,169604","-34,873794",SR-PB,DEL14/1,UOP00/PB,
122299,2018-03-31,sábado,14:00:00,PB,230,"20,6",JOAO PESSOA,Avarias e/ou desgaste excessivo no pneu,Tombamento,Com Vítimas Feridas,Pleno dia,Decrescente,Céu Claro,Dupla,Reta,Sim,2,0,2,0,0,0,2,1,"-7,138711","-34,852612",SR-PB,DEL14/1,UOP00/PB,
122347,2018-03-31,sábado,18:55:00,PB,230,28,JOAO PESSOA,Falta de Atenção à Condução,Colisão lateral,Com Vítimas Feridas,Plena Noite,Decrescente,Céu Claro,Dupla,Interseção de vias,Sim,3,0,1,0,2,0,1,3,"-7,16525717","-34,89408016",SR-PB,DEL14/1,UOP00/PB,
122415,2018-04-01,domingo,03:15:00,PB,230,"15,3",JOAO PESSOA,Velocidade Incompatível,Capotamento,Sem Vítimas,Plena Noite,Decrescente,Nublado,Múltipla,Curva,Sim,1,0,0,0,1,0,0,1,"-7,093","-34,8482",SR-PB,DEL14/1,UOP00/PB,
122558,2018-04-01,domingo,17:04:00,PB,230,29,JOAO PESSOA,Ingestão de Álcool,Queda de ocupante de veículo,Sem Vítimas,Anoitecer,Decrescente,Ignorado,Dupla,Retorno Regulamentado,Não,2,0,0,0,0,2,0,1,"-7,150375","-34,91074",SR-PB,DEL14/1,UOP00/PB,
122677,2018-04-02,segunda-feira,06:25:00,PB,230,"28,1",JOAO PESSOA,Não guardar distância de segurança,Colisão lateral,Com Vítimas Feridas,Pleno dia,Decrescente,Céu Claro,Dupla,Curva,Sim,3,0,2,0,0,1,2,2,"-7,1651247","-34,8940294",SR-PB,DEL14/1,UOP00/PB,
122679,2018-04-02,segunda-feira,06:30:00,PB,230,"29,7",JOAO PESSOA,Não guardar distância de segurança,Colisão traseira,Com Vítimas Feridas,Pleno dia,Decrescente,Céu Claro,Dupla,Reta,Sim,3,0,2,0,0,1,2,2,"-7,1622","-34,9031",SR-PB,DEL14/1,UOP00/PB,
122976,2018-02-27,terça-feira,05:00:00,PB,101,"90,1",JOAO PESSOA,Avarias e/ou desgaste excessivo no pneu,Queda de ocupante de veículo,Com Vítimas Feridas,Amanhecer,Decrescente,Céu Claro,Múltipla,Não Informado,Não,2,0,2,0,0,0,2,1,"-7,18566611","-34,90208387",SR-PB,DEL14/1,UOP01/PB,
123025,2018-04-03,terça-feira,18:20:00,PB,230,"28,3",JOAO PESSOA,Não guardar distância de segurança,Engavetamento,Com Vítimas Feridas,Plena Noite,Crescente,Céu Claro,Dupla,Reta,Sim,5,0,3,0,2,0,3,4,"-7,1651","-34,8941",SR-PB,DEL14/1,UOP00/PB,
123144,2018-04-04,quarta-feira,12:00:00,PB,230,"19,7",JOAO PESSOA,Falta de Atenção à Condução,Colisão traseira,Com Vítimas Feridas,Pleno dia,Decrescente,Sol,Múltipla,Curva,Sim,3,0,2,0,1,0,2,3,"-7,1281","-34,8466",SR-PB,DEL14/1,UOP00/PB,
124385,2018-04-07,sábado,19:40:00,PB,230,13,JOAO PESSOA,Desobediência às normas de trânsito pelo condutor,Colisão lateral,Com Vítimas Feridas,Plena Noite,Crescente,Céu Claro,Dupla,Reta,Sim,3,0,1,0,0,2,1,2,"-7,0772","-34,8494",SR-PB,DEL14/1,UOP00/PB,
126937,2018-04-10,terça-feira,08:05:00,PB,230,"25,3",JOAO PESSOA,Falta de Atenção à Condução,Colisão traseira,Sem Vítimas,Pleno dia,Decrescente,Nublado,Múltipla,Viaduto,Sim,2,0,0,0,2,0,0,2,"-7,16941","-34,874878",SR-PB,DEL14/1,UOP00/PB,
127128,2018-04-11,quarta-feira,08:20:00,PB,101,90,JOAO PESSOA,Pista Escorregadia,Tombamento,Com Vítimas Fatais,Pleno dia,Crescente,Chuva,Dupla,Não Informado,Sim,4,2,0,0,1,1,0,2,"-7,1777479","-34,8993435",SR-PB,DEL14/1,UOP01/PB,
127242,2018-04-11,quarta-feira,18:45:00,PB,101,"89,8",JOAO PESSOA,Falta de Atenção à Condução,Colisão transversal,Com Vítimas Feridas,Plena Noite,Crescente,Nublado,Dupla,Reta,Sim,2,0,1,0,0,1,1,2,"-7,18107544","-34,90081787",SR-PB,DEL14/1,UOP01/PB,
127714,2018-04-14,sábado,06:20:00,PB,230,"18,8",JOAO PESSOA,Ingestão de Álcool,Saída de leito carroçável,Com Vítimas Feridas,Pleno dia,Crescente,Nublado,Dupla,Curva,Sim,2,0,1,1,0,0,2,1,"-7,128878","-34,848114",SR-PB,DEL14/1,UOP00/PB,
128232,2018-04-16,segunda-feira,07:10:00,PB,230,25,JOAO PESSOA,Não guardar distância de segurança,Colisão traseira,Com Vítimas Feridas,Pleno dia,Decrescente,Chuva,Múltipla,Reta,Sim,2,0,0,1,1,0,1,2,"-7,1707","-34,8684",SR-PB,DEL14/1,UOP00/PB,
128354,2018-01-25,quinta-feira,08:30:00,PB,230,"17,1",JOAO PESSOA,Falta de Atenção à Condução,Engavetamento,Sem Vítimas,Pleno dia,Crescente,Garoa/Chuvisco,Dupla,Reta,Sim,4,0,0,0,2,2,0,3,"-7,113133","-34,842404",SR-PB,DEL14/1,UOP00/PB,
128425,2018-02-19,segunda-feira,07:30:00,PB,230,"22,4",JOAO PESSOA,Ultrapassagem Indevida,Colisão com objeto estático,Com Vítimas Feridas,Pleno dia,Decrescente,Sol,Dupla,Reta,Sim,3,0,0,2,1,0,2,2,"-7,15639","-34,85736",SR-PB,DEL14/1,UOP00/PB,
128828,2018-04-19,quinta-feira,07:50:00,PB,230,22,JOAO PESSOA,Defeito Mecânico no Veículo,Queda de ocupante de veículo,Com Vítimas Feridas,Pleno dia,Decrescente,Sol,Dupla,Reta,Sim,2,0,1,1,0,0,2,1,"-7,1514848","-34,8533766",SR-PB,DEL14/1,UOP00/PB,
128848,2018-02-18,domingo,16:00:00,PB,230,"19,3",JOAO PESSOA,Falta de Atenção à Condução,Colisão lateral,Com Vítimas Feridas,Pleno dia,Decrescente,Garoa/Chuvisco,Dupla,Reta,Sim,2,0,0,1,0,1,1,2,"-7,131208","-34,852262",SR-PB,DEL14/1,UOP00/PB,
128857,2018-04-19,quinta-feira,09:50:00,PB,230,17,JOAO PESSOA,Falta de Atenção à Condução,Colisão traseira,Com Vítimas Feridas,Pleno dia,Crescente,Céu Claro,Dupla,Reta,Sim,3,0,1,0,2,0,1,3,"-7,1163984","-34,84220628",SR-PB,DEL14/1,UOP00/PB,
129021,2018-01-22,segunda-feira,18:40:00,PB,230,"22,8",JOAO PESSOA,Não guardar distância de segurança,Colisão traseira,Com Vítimas Feridas,Plena Noite,Crescente,Céu Claro,Dupla,Reta,Sim,4,0,2,0,2,0,2,2,"-7,1579191","-34,85823543",SR-PB,DEL14/1,UOP00/PB,
129839,2018-04-23,segunda-feira,17:00:00,PB,230,"15,5",JOAO PESSOA,Falta de Atenção à Condução,Colisão lateral,Sem Vítimas,Anoitecer,Crescente,Céu Claro,Múltipla,Curva,Sim,2,0,0,0,2,0,0,2,"-7,1053921","-34,8446936",SR-PB,DEL14/1,UOP00/PB,
129880,2018-04-24,terça-feira,03:00:00,PB,230,"19,6",JOAO PESSOA,Velocidade Incompatível,Colisão com objeto estático,Com Vítimas Feridas,Plena Noite,Decrescente,Chuva,Múltipla,Curva,Sim,2,0,1,0,0,1,1,1,"-7,1352257","-34,8545383",SR-PB,DEL14/1,UOP00/PB,
129895,2018-04-24,terça-feira,07:30:00,PB,230,"19,3",JOAO PESSOA,Falta de Atenção à Condução,Colisão traseira,Com Vítimas Feridas,Pleno dia,Crescente,Céu Claro,Dupla,Reta,Sim,3,0,1,0,2,0,1,2,"-7,13044653","-34,85155106",SR-PB,DEL14/1,UOP00/PB,
130085,2018-04-25,quarta-feira,07:50:00,PB,230,18,JOAO PESSOA,Não guardar distância de segurança,Engavetamento,Com Vítimas Feridas,Pleno dia,Decrescente,Chuva,Dupla,Reta,Sim,3,0,1,0,0,2,1,3,"-7,13064348","-34,85153764",SR-PB,DEL14/1,UOP00/PB,
130086,2018-04-08,domingo,10:30:00,PB,230,28,JOAO PESSOA,Avarias e/ou desgaste excessivo no pneu,Queda de ocupante de veículo,Com Vítimas Feridas,Pleno dia,Decrescente,Céu Claro,Dupla,Não Informado,Sim,1,0,1,0,0,0,1,1,"-7,1652412","-34,8939836",SR-PB,DEL14/1,UOP00/PB,
130621,2018-04-27,sexta-feira,19:50:00,PB,230,17,JOAO PESSOA,Falta de Atenção à Condução,Tombamento,Com Vítimas Feridas,Plena Noite,Decrescente,Nublado,Dupla,Reta,Sim,1,0,0,1,0,0,1,1,"-7,11131965","-34,84264103",SR-PB,DEL14/1,UOP00/PB,
130782,2018-04-14,sábado,08:20:00,PB,230,"23,5",JOAO PESSOA,Falta de Atenção à Condução,Colisão traseira,Com Vítimas Feridas,Pleno dia,Decrescente,Nublado,Dupla,Não Informado,Sim,5,0,1,0,4,0,1,4,"-7,16529975","-34,86260176",SR-PB,DEL14/1,UOP00/PB,
131206,2018-04-13,sexta-feira,18:50:00,PB,101,"89,8",JOAO PESSOA,Desobediência às normas de trânsito pelo condutor,Colisão transversal,Sem Vítimas,Plena Noite,Crescente,Nublado,Dupla,Não Informado,Sim,3,0,0,0,3,0,0,2,"-7,17802573","-34,89988983",SR-PB,DEL14/1,UOP01/PB,
131333,2018-05-01,terça-feira,10:30:00,PB,230,"22,3",JOAO PESSOA,Não guardar distância de segurança,Colisão traseira,Com Vítimas Feridas,Pleno dia,Crescente,Céu Claro,Múltipla,Reta,Sim,2,0,1,0,1,0,1,2,"-7,1536002","-34,8551478",SR-PB,DEL14/1,UOP00/PB,
131514,2018-05-02,quarta-feira,07:50:00,PB,230,26,JOAO PESSOA,Desobediência às normas de trânsito pelo condutor,Colisão transversal,Com Vítimas Feridas,Pleno dia,Crescente,Céu Claro,Múltipla,Reta,Não,3,0,2,0,1,0,2,2,"-7,1690734","-34,87997711",SR-PB,DEL14/1,UOP00/PB,
131645,2018-05-02,quarta-feira,19:43:00,PB,101,89,JOAO PESSOA,Ingestão de Álcool,Tombamento,Com Vítimas Feridas,Plena Noite,Crescente,Nublado,Dupla,Não Informado,Sim,1,0,1,0,0,0,1,1,"-7,174921","-34,89894569",SR-PB,DEL14/1,UOP01/PB,
131798,2018-05-03,quinta-feira,17:10:00,PB,101,86,JOAO PESSOA,Desobediência às normas de trânsito pelo condutor,Colisão frontal,Com Vítimas Feridas,Anoitecer,Crescente,Céu Claro,Simples,Reta,Sim,2,0,0,1,1,0,1,2,"-7,1618946","-34,90422664",SR-PB,DEL14/1,UOP00/PB,
131823,2018-05-03,quinta-feira,19:20:00,PB,101,88,JOAO PESSOA,Velocidade Incompatível,Tombamento,Com Vítimas Feridas,Plena Noite,Decrescente,Chuva,Dupla,Curva,Sim,1,0,1,0,0,0,1,1,"-7,16642812","-34,89499211",SR-PB,DEL14/1,UOP00/PB,
131920,2018-05-04,sexta-feira,07:40:00,PB,230,20,JOAO PESSOA,Não guardar distância de segurança,Colisão traseira,Com Vítimas Feridas,Pleno dia,Decrescente,Céu Claro,Dupla,Reta,Sim,3,0,1,0,2,0,1,3,"-7,13182907","-34,85264111",SR-PB,DEL14/1,UOP00/PB,
132298,2018-05-05,sábado,23:40:00,PB,230,28,JOAO PESSOA,Ingestão de Álcool,Atropelamento de Pedestre,Com Vítimas Feridas,Plena Noite,Crescente,Chuva,Dupla,Reta,Não,2,0,1,0,0,1,1,1,"-7,16474621","-34,89970744",SR-PB,DEL14/1,UOP00/PB,
132344,2018-05-06,domingo,08:30:00,PB,230,"23,8",JOAO PESSOA,Ingestão de Álcool,Colisão com objeto estático,Sem Vítimas,Pleno dia,Crescente,Chuva,Múltipla,Curva,Sim,1,0,0,0,1,0,0,1,"-7,1702079","-34,8655596",SR-PB,DEL14/1,UOP00/PB,
132465,2018-05-06,domingo,19:35:00,PB,101,"87,6",JOAO PESSOA,Falta de Atenção à Condução,Colisão lateral,Com Vítimas Feridas,Plena Noite,Crescente,Céu Claro,Dupla,Reta,Sim,2,0,1,1,0,0,2,2,"-7,16272896","-34,90264177",SR-PB,DEL14/1,UOP00/PB,