id,data_inversa,dia_semana,horario,uf,br,km,municipio,causa_acidente,tipo_acidente,classificacao_acidente,fase_dia,sentido_via,condicao_metereologica,tipo_pista,tracado_via,uso_solo,pessoas,mortos,feridos_leves,feridos_graves,ilesos,ignorados,feridos,veiculos,latitude,longitude,regional,delegacia,uop,geometry
132563,2018-05-07,segunda-feira,09:00:00,PB,230,"26,1",JOAO PESSOA,Falta de Atenção à Condução,Queda de ocupante de veículo,Com Vítimas Feridas,Pleno dia,Crescente,Sol,Múltipla,Reta,Sim,2,0,1,0,0,1,1,2,"-7,16886485","-34,88147646",SR-PB,DEL14/1,UOP00/PB,
132835,2018-05-08,terça-feira,13:20:00,PB,230,"19,4",JOAO PESSOA,Velocidade Incompatível,Engavetamento,Sem Vítimas,Pleno dia,Crescente,Sol,Dupla,Não Informado,Sim,3,0,0,0,2,1,0,3,"-7,13201147","-34,85321939",SR-PB,DEL14/1,UOP00/PB,
132910,2018-05-08,terça-feira,19:10:00,PB,101,88,JOAO PESSOA,Pista Escorregadia,Tombamento,Com Vítimas Feridas,Plena Noite,Decrescente,Chuva,Simples,Curva,Sim,1,0,1,0,0,0,1,1,"-7,1716","-34,8978",SR-PB,DEL14/1,UOP00/PB,
132933,2018-05-08,terça-feira,22:10:00,PB,101,"88,9",JOAO PESSOA,Velocidade Incompatível,Saída de leito carroçável,Sem Vítimas,Plena Noite,Crescente,Garoa/Chuvisco,Dupla,Reta,Sim,1,0,0,0,0,1,0,1,"-7,1716","-34,8978",SR-PB,DEL14/1,UOP00/PB,
133021,2018-04-27,sexta-feira,21:30:00,PB,101,"84,4",JOAO PESSOA,Falta de Atenção à Condução,Colisão traseira,Com Vítimas Feridas,Plena Noite,Decrescente,Chuva,Dupla,Reta,Sim,3,0,0,1,0,2,1,3,"-7,1483","-34,9131",SR-PB,DEL14/1,UOP00/PB,
133278,2018-05-10,quinta-feira,14:30:00,PB,230,"17,8",JOAO PESSOA,Ingestão de Álcool,Colisão com objeto estático,Com Vítimas Feridas,Pleno dia,Decrescente,Céu Claro,Dupla,Reta,Sim,2,0,0,1,1,0,1,2,"-7,12227044","-34,8450923",SR-PB,DEL14/1,UOP00/PB,
133303,2018-05-10,quinta-feira,17:50:00,PB,101,"88,9",JOAO PESSOA,Desobediência às normas de trânsito pelo condutor,Colisão transversal,Com Vítimas Feridas,Anoitecer,Crescente,Céu Claro,Dupla,Reta,Sim,2,0,0,1,1,0,1,2,"-7,181214","-34,90092",SR-PB,DEL14/1,UOP00/PB,
133685,2018-04-02,segunda-feira,09:20:00,PB,230,"17,4",JOAO PESSOA,Não guardar distância de segurança,Colisão traseira,Com Vítimas Feridas,Pleno dia,Crescente,Céu Claro,Dupla,Curva,Sim,2,0,1,0,1,0,1,2,"-7,11810781","-34,84401941",SR-PB,DEL14/1,UOP00/PB,
134109,2018-04-03,terça-feira,07:30:00,PB,230,"19,2",JOAO PESSOA,Falta de Atenção à Condução,Engavetamento,Com Vítimas Feridas,Pleno dia,Decrescente,Céu Claro,Dupla,Reta,Sim,5,0,1,0,4,0,1,3,"-7,130738","-34,851955",SR-PB,DEL14/1,UOP00/PB,
134329,2018-05-14,segunda-feira,16:30:00,PB,101,"88,9",JOAO PESSOA,Falta de Atenção à Condução,Colisão com objeto estático,Sem Vítimas,Pleno dia,Decrescente,Sol,Dupla,Retorno Regulamentado,Sim,1,0,0,0,0,1,0,1,"-7,18146397","-34,90063012",SR-PB,DEL14/1,UOP00/PB,
134342,2018-05-14,segunda-feira,17:25:00,PB,230,21,JOAO PESSOA,Não guardar distância de segurança,Colisão traseira,Com Vítimas Feridas,Anoitecer,Crescente,Céu Claro,Dupla,Reta,Sim,3,0,1,1,1,0,2,2,"-7,1415","-34,8519",SR-PB,DEL14/1,UOP00/PB,
134490,2018-04-26,quinta-feira,21:35:00,PB,230,"16,2",JOAO PESSOA,Ingestão de Álcool,Colisão lateral,Sem Vítimas,Plena Noite,Decrescente,Nublado,Dupla,Reta,Sim,4,0,0,0,4,0,0,2,"-7,10546001","-34,84454328",SR-PB,DEL14/1,UOP00/PB,
134763,2018-04-29,domingo,19:50:00,PB,101,86,JOAO PESSOA,Falta de Atenção à Condução,Engavetamento,Com Vítimas Feridas,Plena Noite,Decrescente,Chuva,Dupla,Reta,Sim,3,0,0,1,1,1,1,3,"-7,14663306","-34,91565456",SR-PB,DEL14/1,UOP00/PB,
134794,2018-05-16,quarta-feira,22:30:00,PB,230,19,JOAO PESSOA,Falta de Atenção à Condução,Tombamento,Com Vítimas Feridas,Plena Noite,Crescente,Chuva,Dupla,Reta,Não,1,0,0,1,0,0,1,1,"-7,1281","-34,8466",SR-PB,DEL14/1,UOP00/PB,
135777,2018-05-21,segunda-feira,20:00:00,PB,230,"27,1",JOAO PESSOA,Pista Escorregadia,Tombamento,Com Vítimas Feridas,Plena Noite,Crescente,Céu Claro,Dupla,Não Informado,Sim,1,0,1,0,0,0,1,1,"-7,16527846","-34,896698",SR-PB,DEL14/1,UOP00/PB,
135831,2018-05-22,terça-feira,08:30:00,PB,230,"25,8",JOAO PESSOA,Não guardar distância de segurança,Colisão traseira,Com Vítimas Feridas,Pleno dia,Crescente,Céu Claro,Múltipla,Reta,Sim,2,0,0,1,1,0,1,2,"-7,16962162","-34,87635612",SR-PB,DEL14/1,UOP00/PB,
136450,2018-05-26,sábado,16:30:00,PB,230,"26,7",JOAO PESSOA,Desobediência às normas de trânsito pelo condutor,Colisão frontal,Com Vítimas Feridas,Pleno dia,Crescente,Céu Claro,Dupla,Reta,Sim,2,0,1,1,0,0,2,2,"-7,1663559","-34,8881875",SR-PB,DEL14/1,UOP00/PB,
136488,2018-05-27,domingo,00:30:00,PB,230,26,JOAO PESSOA,Ingestão de Álcool,Colisão com objeto estático,Sem Vítimas,Plena Noite,Decrescente,Céu Claro,Múltipla,Reta,Não,1,0,0,0,1,0,0,1,"-7,1698771","-34,87578213",SR-PB,DEL14/1,UOP00/PB,
136830,2018-05-30,quarta-feira,08:50:00,PB,230,"24,9",JOAO PESSOA,Falta de Atenção à Condução,Colisão lateral,Com Vítimas Feridas,Pleno dia,Crescente,Sol,Múltipla,Curva,Sim,3,0,2,0,0,1,2,2,"-7,17072337","-34,86723661",SR-PB,DEL14/1,UOP00/PB,
137344,2018-06-02,sábado,07:50:00,PB,101,"91,1",JOAO PESSOA,Falta de Atenção à Condução,Colisão traseira,Com Vítimas Feridas,Pleno dia,Crescente,Céu Claro,Dupla,Reta,Sim,3,0,1,0,2,0,1,3,"-7,1984","-34,9063",SR-PB,DEL14/1,UOP01/PB,
137846,2018-06-04,segunda-feira,14:25:00,PB,230,"29,7",JOAO PESSOA,Falta de Atenção à Condução,Colisão lateral,Com Vítimas Feridas,Pleno dia,Crescente,Sol,Dupla,Não Informado,Sim,2,0,1,1,0,0,2,2,"-7,1622","-34,9031",SR-PB,DEL14/1,UOP00/PB,
138907,2018-06-09,sábado,12:40:00,PB,101,"88,7",JOAO PESSOA,Velocidade Incompatível,Engavetamento,Sem Vítimas,Pleno dia,Crescente,Céu Claro,Dupla,Reta,Sim,3,0,0,0,3,0,0,3,"-7,16857841","-34,89697695",SR-PB,DEL14/1,UOP00/PB,
139062,2018-06-09,sábado,23:40:00,PB,230,"19,4",JOAO PESSOA,Velocidade Incompatível,Capotamento,Sem Vítimas,Plena Noite,Decrescente,Céu Claro,Dupla,Reta,Sim,1,0,0,0,0,1,0,1,"-7,1281","-34,8466",SR-PB,DEL14/1,UOP00/PB,
139099,2018-06-10,domingo,04:35:00,PB,230,28,JOAO PESSOA,Condutor Dormindo,Colisão com objeto estático,Com Vítimas Feridas,Amanhecer,Decrescente,Nublado,Dupla,Reta,Sim,1,0,0,1,0,0,1,1,"-7,161762","-34,903761",SR-PB,DEL14/1,UOP00/PB,
139371,2018-06-11,segunda-feira,06:45:00,PB,101,88,JOAO PESSOA,Não guardar distância de segurança,Colisão traseira,Com Vítimas Feridas,Pleno dia,Decrescente,Chuva,Múltipla,Reta,Sim,2,0,1,0,1,0,1,2,"-7,16664102","-34,89635468",SR-PB,DEL14/1,UOP00/PB,
139381,2018-05-30,quarta-feira,06:40:00,PB,101,"92,6",JOAO PESSOA,Falta de Atenção à Condução,Colisão transversal,Com Vítimas Feridas,Pleno dia,Crescente,Céu Claro,Dupla,Retorno Regulamentado,Sim,4,0,2,0,2,0,2,3,"-7,20207158","-34,90772456",SR-PB,DEL14/1,UOP01/PB,
139395,2018-06-11,segunda-feira,08:35:00,PB,230,23,JOAO PESSOA,Não guardar distância de segurança,Colisão lateral,Com Vítimas Feridas,Pleno dia,Decrescente,Céu Claro,Dupla,Não Informado,Não,3,0,1,1,1,0,2,2,"-7,1562","-34,8574",SR-PB,DEL14/1,UOP00/PB,
139401,2018-05-20,domingo,13:00:00,PB,101,"88,3",JOAO PESSOA,Desobediência às normas de trânsito pelo condutor,Colisão lateral,Com Vítimas Feridas,Pleno dia,Crescente,Sol,Dupla,Interseção de vias,Sim,2,0,0,1,1,0,1,2,"-7,16890904","-34,89705055",SR-PB,DEL14/1,UOP00/PB,
139404,2018-06-09,sábado,06:00:00,PB,230,"27,1",JOAO PESSOA,Ingestão de Álcool,Atropelamento de Pedestre,Com Vítimas Feridas,Pleno dia,Decrescente,Céu Claro,Dupla,Reta,Sim,3,0,3,0,0,0,3,1,"-7,1677","-34,8855",SR-PB,DEL14/1,UOP00/PB,
139511,2018-06-11,segunda-feira,18:05:00,PB,101,89,JOAO PESSOA,Avarias e/ou desgaste excessivo no pneu,Tombamento,Com Vítimas Feridas,Plena Noite,Crescente,Céu Claro,Dupla,Reta,Sim,2,0,1,1,0,0,2,1,"-7,1807","-34,9005",SR-PB,DEL14/1,UOP01/PB,
139524,2018-06-11,segunda-feira,17:55:00,PB,230,22,JOAO PESSOA,Objeto estático sobre o leito carroçável,Colisão com objeto estático,Com Vítimas Feridas,Anoitecer,Decrescente,Céu Claro,Dupla,Reta,Sim,1,0,1,0,0,0,1,1,"-7,1495","-34,8517",SR-PB,DEL14/1,UOP00/PB,
139688,2018-06-12,terça-feira,14:30:00,PB,230,"17,5",JOAO PESSOA,Não guardar distância de segurança,Colisão traseira,Com Vítimas Feridas,Pleno dia,Crescente,Céu Claro,Dupla,Reta,Sim,2,0,1,0,1,0,1,2,"-7,118066","-34,844087",SR-PB,DEL14/1,UOP00/PB,
140088,2018-05-20,domingo,20:25:00,PB,230,"26,4",JOAO PESSOA,Ingestão de Álcool,Atropelamento de Pedestre,Com Vítimas Feridas,Pleno dia,Crescente,Céu Claro,Dupla,Reta,Sim,2,0,0,1,0,1,1,1,"-7,1693","-34,8782",SR-PB,DEL14/1,UOP00/PB,
140497,2018-06-16,sábado,08:50:00,PB,230,"26,1",JOAO PESSOA,Falta de Atenção à Condução,Colisão com objeto estático,Sem Vítimas,Pleno dia,Decrescente,Chuva,Dupla,Curva,Sim,1,0,0,0,1,0,0,1,"-7,168662","-34,88344",SR-PB,DEL14/1,UOP00/PB,
141214,2018-06-19,terça-feira,17:40:00,PB,230,"20,7",JOAO PESSOA,Falta de Atenção à Condução,Queda de ocupante de veículo,Com Vítimas Feridas,Anoitecer,Crescente,Chuva,Dupla,Reta,Não,2,0,2,0,0,0,2,1,"-7,1337","-34,8544",SR-PB,DEL14/1,UOP00/PB,
141367,2018-06-09,sábado,11:50:00,PB,101,89,JOAO PESSOA,Falta de Atenção do Pedestre,Atropelamento de Pedestre,Com Vítimas Feridas,Pleno dia,Crescente,Céu Claro,Dupla,Reta,Sim,2,0,0,2,0,0,2,1,"-7,16953646","-34,89742756",SR-PB,DEL14/1,UOP01/PB,
141409,2018-06-02,sábado,08:50:00,PB,101,"89,8",JOAO PESSOA,Desobediência às normas de trânsito pelo condutor,Capotamento,Com Vítimas Feridas,Pleno dia,Decrescente,Céu Claro,Dupla,Reta,Não,6,0,4,0,1,1,4,2,"-7,1777483","-34,8993184",SR-PB,DEL14/1,UOP01/PB,
141557,2018-05-28,segunda-feira,20:00:00,PB,230,"19,1",JOAO PESSOA,Não guardar distância de segurança,Colisão traseira,Com Vítimas Feridas,Plena Noite,Crescente,Céu Claro,Dupla,Reta,Sim,2,0,1,0,1,0,1,2,"-7,131371","-34,852706",SR-PB,DEL14/1,UOP00/PB,
142796,2018-06-26,terça-feira,18:40:00,PB,230,16,JOAO PESSOA,Não guardar distância de segurança,Colisão transversal,Com Vítimas Feridas,Plena Noite,Crescente,Céu Claro,Dupla,Interseção de vias,Sim,2,0,1,0,1,0,1,2,"-7,107656","-34,8432077",SR-PB,DEL14/1,UOP00/PB,
142900,2018-06-27,quarta-feira,10:25:00,PB,230,"18,5",JOAO PESSOA,Não guardar distância de segurança,Colisão lateral,Com Vítimas Feridas,Pleno dia,Crescente,Sol,Dupla,Não Informado,Sim,5,0,2,1,2,0,3,3,"-7,12628398","-34,84550536",SR-PB,DEL14/1,UOP00/PB,
143112,2018-06-28,quinta-feira,10:10:00,PB,101,"85,8",JOAO PESSOA,Falta de Atenção à Condução,Colisão traseira,Sem Vítimas,Pleno dia,Crescente,Chuva,Múltipla,Reta,Sim,2,0,0,0,2,0,0,2,"-7,15017164","-34,91125238",SR-PB,DEL14/1,UOP00/PB,
143132,2018-06-28,quinta-feira,12:50:00,PB,230,"16,8",JOAO PESSOA,Falta de Atenção à Condução,Engavetamento,Sem Vítimas,Pleno dia,Decrescente,Sol,Dupla,Curva,Sim,6,0,0,0,6,0,0,6,"-7,11336227","-34,84219927",SR-PB,DEL14/1,UOP00/PB,
143292,2018-06-06,quarta-feira,16:00:00,PB,230,29,JOAO PESSOA,Não guardar distância de segurança,Engavetamento,Com Vítimas Feridas,Pleno dia,Decrescente,Sol,Dupla,Reta,Sim,3,0,1,0,1,1,1,3,"-7,15603846","-34,90731049",SR-PB,DEL14/1,UOP00/PB,
143295,2018-06-08,sexta-feira,09:00:00,PB,230,28,JOAO PESSOA,Velocidade Incompatível,Engavetamento,Sem Vítimas,Pleno dia,Crescente,Céu Claro,Dupla,Não Informado,Sim,3,0,0,0,3,0,0,3,"-7,16544878","-34,89520485",SR-PB,DEL14/1,UOP00/PB,
143303,2018-06-29,sexta-feira,09:00:00,PB,230,"22,2",JOAO PESSOA,Não guardar distância de segurança,Tombamento,Com Vítimas Feridas,Pleno dia,Decrescente,Sol,Dupla,Reta,Sim,1,0,0,1,0,0,1,1,"-7,159503","-34,8592",SR-PB,DEL14/1,UOP00/PB,
143373,2018-06-29,sexta-feira,14:15:00,PB,230,28,JOAO PESSOA,Velocidade Incompatível,Tombamento,Com Vítimas Feridas,Pleno dia,Decrescente,Céu Claro,Simples,Curva,Sim,1,0,1,0,0,0,1,1,"-7,16608748","-34,89495993",SR-PB,DEL14/1,UOP00/PB,
143526,2018-06-30,sábado,06:25:00,PB,101,"85,8",JOAO PESSOA,Desobediência às normas de trânsito pelo condutor,Atropelamento de Pedestre,Com Vítimas Feridas,Pleno dia,Decrescente,Céu Claro,Dupla,Reta,Não,3,0,0,1,0,2,1,1,"-7,1548","-34,9077",SR-PB,DEL14/1,UOP00/PB,
144540,2018-07-05,quinta-feira,07:50:00,PB,230,"22,2",JOAO PESSOA,Não guardar distância de segurança,Colisão traseira,Com Vítimas Feridas,Pleno dia,Decrescente,Sol,Dupla,Reta,Sim,3,0,2,0,1,0,2,2,"-7,15332391","-34,85488772",SR-PB,DEL14/1,UOP00/PB,
144791,2018-06-20,quarta-feira,08:40:00,PB,101,"89,7",JOAO PESSOA,Falta de Atenção à Condução,Colisão traseira,Com Vítimas Feridas,Pleno dia,Crescente,Céu Claro,Dupla,Não Informado,Sim,3,0,1,0,2,0,1,2,"-7,18056449","-34,90064621",SR-PB,DEL14/1,UOP01/PB,
144817,2018-07-06,sexta-feira,12:15:00,PB,230,21,JOAO PESSOA,Não guardar distância de segurança,Colisão traseira,Com Vítimas Feridas,Pleno dia,Crescente,Céu Claro,Dupla,Reta,Sim,3,0,1,0,2,0,1,2,"-7,1445574","-34,85118091",SR-PB,DEL14/1,UOP00/PB,
144827,2018-07-06,sexta-feira,12:15:00,PB,230,21,JOAO PESSOA,Falta de Atenção à Condução,Colisão lateral,Com Vítimas Feridas,Pleno dia,Crescente,Céu Claro,Dupla,Reta,Sim,1,0,1,0,0,0,1,1,"-7,1445574","-34,85118091",SR-PB,DEL14/1,UOP00/PB,
145802,2018-06-30,sábado,13:20:00,PB,230,20,JOAO PESSOA,Desobediência às normas de trânsito pelo condutor,Colisão lateral,Com Vítimas Feridas,Pleno dia,Crescente,Céu Claro,Dupla,Reta,Não,2,0,1,0,1,0,1,2,"-7,13888862","-34,85262394",SR-PB,DEL14/1,UOP00/PB,
145857,2018-07-11,quarta-feira,09:40:00,PB,230,20,JOAO PESSOA,Defeito na Via,Tombamento,Com Vítimas Feridas,Pleno dia,Crescente,Céu Claro,Dupla,Reta,Sim,1,0,1,0,0,0,1,1,"-7,14","-34,852",SR-PB,DEL14/1,UOP00/PB,
146361,2018-07-13,sexta-feira,16:25:00,PB,230,"21,8",JOAO PESSOA,Falta de Atenção à Condução,Colisão traseira,Sem Vítimas,Pleno dia,Crescente,Céu Claro,Dupla,Reta,Sim,2,0,0,0,2,0,0,2,"-7,14596793","-34,85091805",SR-PB,DEL14/1,UOP00/PB,
146953,2018-07-16,segunda-feira,07:40:00,PB,230,"23,1",JOAO PESSOA,Não guardar distância de segurança,Colisão traseira,Com Vítimas Feridas,Pleno dia,Decrescente,Céu Claro,Dupla,Reta,Sim,2,0,1,0,1,0,1,2,"-7,1587","-34,85575",SR-PB,DEL14/1,UOP00/PB,
147141,2018-07-17,terça-feira,07:30:00,PB,230,"28,8",JOAO PESSOA,Não guardar distância de segurança,Colisão lateral,Com Vítimas Feridas,Pleno dia,Crescente,Sol,Dupla,Reta,Sim,2,0,1,0,0,1,1,2,"-7,16325589","-34,90168691",SR-PB,DEL14/1,UOP00/PB,
147710,2018-07-20,sexta-feira,01:10:00,PB,230,"17,8",JOAO PESSOA,Ingestão de Álcool,Colisão lateral,Sem Vítimas,Plena Noite,Decrescente,Céu Claro,Dupla,Curva,Sim,3,0,0,0,1,2,0,2,"-7,11868835","-34,84461411",SR-PB,DEL14/1,UOP00/PB,
148192,2018-07-22,domingo,02:28:00,PB,230,18,JOAO PESSOA,Ingestão de Álcool,Colisão traseira,Sem Vítimas,Plena Noite,Crescente,Céu Claro,Dupla,Reta,Não,2,0,0,0,2,0,0,2,"-7,1198","-34,8453",SR-PB,DEL14/1,UOP00/PB,
148305,2018-07-22,domingo,16:00:00,PB,230,"22,8",JOAO PESSOA,Falta de Atenção à Condução,Saída de leito carroçável,Com Vítimas Feridas,Pleno dia,Decrescente,Nublado,Dupla,Reta,Sim,2,0,1,1,0,0,2,1,"-7,15501652","-34,85634685",SR-PB,DEL14/1,UOP00/PB,
148477,2018-05-19,sábado,21:30:00,PB,230,"20,8",JOAO PESSOA,Não guardar distância de segurança,Colisão lateral,Com Vítimas Feridas,Plena Noite,Crescente,Nublado,Dupla,Reta,Sim,3,0,0,2,1,0,2,2,"-7,142738","-34,8506182",SR-PB,DEL14/1,UOP00/PB,
148664,2018-06-27,quarta-feira,15:00:00,PB,230,"19,1",JOAO PESSOA,Não guardar distância de segurança,Colisão traseira,Com Vítimas Feridas,Pleno dia,Decrescente,Nublado,Múltipla,Reta,Sim,2,0,1,0,1,0,1,2,"-7,1294192","-34,85010803",SR-PB,DEL14/1,UOP00/PB,
148665,2018-06-27,quarta-feira,23:00:00,PB,230,"17,1",JOAO PESSOA,Ingestão de Álcool,Colisão lateral,Sem Vítimas,Plena Noite,Decrescente,Céu Claro,Dupla,Não Informado,Sim,3,0,0,0,2,1,0,2,"-7,11624473","-34,84191656",SR-PB,DEL14/1,UOP00/PB,
149261,2018-07-27,sexta-feira,17:15:00,PB,230,"19,1",JOAO PESSOA,Não guardar distância de segurança,Engavetamento,Com Vítimas Feridas,Pleno dia,Decrescente,Céu Claro,Dupla,Reta,Sim,4,0,1,0,3,0,1,4,"-7,1281","-34,8466",SR-PB,DEL14/1,UOP00/PB,
149568,2018-07-29,domingo,03:00:00,PB,101,"93,7",JOAO PESSOA,Objeto estático sobre o leito carroçável,Capotamento,Com Vítimas Feridas,Plena Noite,Decrescente,Nublado,Dupla,Reta,Não,4,0,2,0,2,0,2,1,"-7,2156","-34,912",SR-PB,DEL14/1,UOP01/PB,
149592,2018-07-29,domingo,06:50:00,PB,230,25,JOAO PESSOA,Desobediência às normas de trânsito pelo condutor,Colisão transversal,Com Vítimas Fatais,Pleno dia,Decrescente,Sol,Múltipla,Reta,Sim,3,1,1,1,0,0,2,2,"-7,1708","-34,8685",SR-PB,DEL14/1,UOP00/PB,
149932,2018-07-30,segunda-feira,17:00:00,PB,230,"20,2",JOAO PESSOA,Falta de Atenção do Pedestre,Atropelamento de Pedestre,Com Vítimas Feridas,Pleno dia,Decrescente,Nublado,Dupla,Curva,Sim,2,0,0,1,1,0,1,1,"-7,13609945","-34,85430837",SR-PB,DEL14/1,UOP00/PB,
149998,2018-07-31,terça-feira,08:05:00,PB,230,"26,1",JOAO PESSOA,Desobediência às normas de trânsito pelo condutor,Colisão lateral,Com Vítimas Feridas,Pleno dia,Crescente,Sol,Múltipla,Interseção de vias,Sim,2,0,1,0,1,0,1,2,"-7,169041","-34,880336",SR-PB,DEL14/1,UOP00/PB,
150221,2018-08-01,quarta-feira,11:05:00,PB,230,"27,5",JOAO PESSOA,Defeito Mecânico no Veículo,Colisão frontal,Sem Vítimas,Pleno dia,Crescente,Céu Claro,Dupla,Não Informado,Sim,2,0,0,0,2,0,0,2,"-7,165502","-34,89587188",SR-PB,DEL14/1,UOP00/PB,
150361,2018-08-02,quinta-feira,07:10:00,PB,230,22,JOAO PESSOA,Não guardar distância de segurança,Colisão traseira,Sem Vítimas,Pleno dia,Crescente,Céu Claro,Dupla,Reta,Sim,2,0,0,0,1,1,0,2,"-7,16120139","-34,8601985",SR-PB,DEL14/1,UOP00/PB,
150383,2018-08-02,quinta-feira,08:45:00,PB,230,15,JOAO PESSOA,Não guardar distância de segurança,Colisão traseira,Com Vítimas Feridas,Pleno dia,Crescente,Sol,Dupla,Não Informado,Sim,2,0,1,0,1,0,1,2,"-7,10837713","-34,84353125",SR-PB,DEL14/1,UOP00/PB,
150405,2018-07-06,sexta-feira,06:50:00,PB,230,"25,5",JOAO PESSOA,Defeito Mecânico no Veículo,Colisão com objeto estático,Com Vítimas Feridas,Pleno dia,Crescente,Chuva,Múltipla,Reta,Sim,1,0,1,0,0,0,1,1,"-7,16933484","-34,87406938",SR-PB,DEL14/1,UOP00/PB,
150700,2018-07-02,segunda-feira,10:15:00,PB,101,88,JOAO PESSOA,Desobediência às normas de trânsito pelo condutor,Colisão lateral,Sem Vítimas,Pleno dia,Crescente,Chuva,Dupla,Interseção de vias,Sim,3,0,0,0,3,0,0,2,"-7,1675424","-34,8965713",SR-PB,DEL14/1,UOP00/PB,
150735,2018-07-09,segunda-feira,18:15:00,PB,230,"24,2",JOAO PESSOA,Falta de Atenção do Pedestre,Atropelamento de Pedestre,Com Vítimas Feridas,Plena Noite,Decrescente,Céu Claro,Dupla,Reta,Sim,2,0,1,1,0,0,2,1,"-7,16821648","-34,86433983",SR-PB,DEL14/1,UOP00/PB,
150742,2018-08-03,sexta-feira,17:05:00,PB,101,"84,5",JOAO PESSOA,Desobediência às normas de trânsito pelo condutor,Engavetamento,Com Vítimas Feridas,Pleno dia,Crescente,Céu Claro,Dupla,Reta,Sim,7,0,1,0,4,2,1,7,"-7,1483","-34,9131",SR-PB,DEL14/1,UOP00/PB,
150937,2018-08-04,sábado,14:00:00,PB,101,89,JOAO PESSOA,Desobediência às normas de trânsito pelo condutor,Colisão lateral,Com Vítimas Feridas,Pleno dia,Crescente,Céu Claro,Dupla,Reta,Sim,2,0,1,0,1,0,1,2,"-7,17839297","-34,89972889",SR-PB,DEL14/1,UOP01/PB,
151317,2018-07-13,sexta-feira,07:10:00,PB,101,"92,7",JOAO PESSOA,Desobediência às normas de trânsito pelo condutor,Colisão transversal,Com Vítimas Feridas,Pleno dia,Decrescente,Céu Claro,Múltipla,Não Informado,Sim,2,0,0,1,1,0,1,2,"-7,20309875","-34,90783453",SR-PB,DEL14/1,UOP01/PB,
151322,2018-07-17,terça-feira,10:40:00,PB,230,"22,9",JOAO PESSOA,Não guardar distância de segurança,Engavetamento,Sem Vítimas,Pleno dia,Crescente,Céu Claro,Dupla,Reta,Sim,3,0,0,0,3,0,0,3,"-7,16202106","-34,8608315",SR-PB,DEL14/1,UOP00/PB,
151326,2018-07-12,quinta-feira,09:10:00,PB,230,"18,9",JOAO PESSOA,Falta de Atenção à Condução,Engavetamento,Com Vítimas Feridas,Pleno dia,Decrescente,Chuva,Dupla,Reta,Sim,8,0,1,0,5,2,1,8,"-7,12917925","-34,84971703",SR-PB,DEL14/1,UOP00/PB,
151492,2018-07-27,sexta-feira,14:40:00,PB,230,26,JOAO PESSOA,Velocidade Incompatível,Capotamento,Com Vítimas Feridas,Pleno dia,Decrescente,Chuva,Dupla,Reta,Sim,1,0,1,0,0,0,1,1,"-7,16539141","-34,88905371",SR-PB,DEL14/1,UOP00/PB,
151549,2018-07-28,sábado,14:15:00,PB,230,"25,1",JOAO PESSOA,Sinalização da via insuficiente ou inadequada,Colisão com objeto estático,Com Vítimas Feridas,Pleno dia,Decrescente,Céu Claro,Múltipla,Reta,Sim,1,0,1,0,0,0,1,1,"-7,16911066","-34,88097489",SR-PB,DEL14/1,UOP00/PB,
151710,2018-07-03,terça-feira,21:20:00,PB,101,88,JOAO PESSOA,Mal Súbito,Atropelamento de Pedestre,Com Vítimas Feridas,Plena Noite,Decrescente,Céu Claro,Dupla,Reta,Sim,2,0,0,1,1,0,1,2,"-7,16861415","-34,89702489",SR-PB,DEL14/1,UOP00/PB,
151713,2018-08-08,quarta-feira,13:00:00,PB,230,"21,1",JOAO PESSOA,Não guardar distância de segurança,Colisão traseira,Com Vítimas Feridas,Pleno dia,Decrescente,Sol,Dupla,Reta,Sim,2,0,1,0,0,1,1,2,"-7,145664","-34,850854",SR-PB,DEL14/1,UOP00/PB,
152279,2018-06-28,quinta-feira,13:50:00,PB,230,"20,6",JOAO PESSOA,Falta de Atenção à Condução,Colisão traseira,Com Vítimas Feridas,Pleno dia,Decrescente,Sol,Dupla,Reta,Não,2,0,1,0,1,0,1,2,"-7,14492467","-34,85101461",SR-PB,DEL14/1,UOP00/PB,
152922,2018-08-02,quinta-feira,17:40:00,PB,230,24,JOAO PESSOA,Não guardar distância de segurança,Colisão traseira,Com Vítimas Feridas,Plena Noite,Crescente,Céu Claro,Dupla,Não Informado,Sim,2,0,1,0,1,0,1,2,"-7,165502","-34,8628056",SR-PB,DEL14/1,UOP00/PB,
152958,2018-07-11,quarta-feira,17:48:00,PB,230,28,JOAO PESSOA,Não guardar distância de segurança,Colisão traseira,Com Vítimas Feridas,Anoitecer,Decrescente,Céu Claro,Dupla,Viaduto,Não,3,0,1,0,1,1,1,2,"-7,16551265","-34,89659071",SR-PB,DEL14/1,UOP00/PB,
153033,2018-08-14,terça-feira,17:38:00,PB,230,"30,8",JOAO PESSOA,Falta de Atenção à Condução,Colisão transversal,Com Vítimas Feridas,Anoitecer,Decrescente,Céu Claro,Dupla,Reta,Sim,3,0,2,0,0,1,2,2,"-7,14941089","-34,91181343",SR-PB,DEL14/1,UOP00/PB,