id,data_inversa,dia_semana,horario,uf,br,km,municipio,causa_acidente,tipo_acidente,classificacao_acidente,fase_dia,sentido_via,condicao_metereologica,tipo_pista,tracado_via,uso_solo,pessoas,mortos,feridos_leves,feridos_graves,ilesos,ignorados,feridos,veiculos,latitude,longitude,regional,delegacia,uop,geometry
153134,2018-07-23,segunda-feira,06:50:00,PB,230,23,JOAO PESSOA,Não guardar distância de segurança,Engavetamento,Com Vítimas Feridas,Pleno dia,Decrescente,Sol,Dupla,Reta,Sim,4,0,1,0,3,0,1,3,"-7,1611164","-34,86015934",SR-PB,DEL14/1,UOP00/PB,
153202,2018-08-03,sexta-feira,23:35:00,PB,101,85,JOAO PESSOA,Defeito Mecânico no Veículo,Colisão lateral,Com Vítimas Feridas,Plena Noite,Crescente,Céu Claro,Dupla,Reta,Sim,4,0,1,0,3,0,1,4,"-7,14308317","-34,91928768",SR-PB,DEL14/1,UOP00/PB,
153229,2018-08-01,quarta-feira,07:00:00,PB,101,"89,8",JOAO PESSOA,Falta de Atenção à Condução,Colisão transversal,Com Vítimas Feridas,Pleno dia,Crescente,Nublado,Dupla,Reta,Sim,2,0,1,0,0,1,1,2,"-7,18121091","-34,90087212",SR-PB,DEL14/1,UOP01/PB,
153240,2018-08-15,quarta-feira,16:50:00,PB,230,19,JOAO PESSOA,Não guardar distância de segurança,Colisão traseira,Com Vítimas Feridas,Pleno dia,Crescente,Sol,Dupla,Reta,Sim,3,0,1,0,1,1,1,3,"-7,130287","-34,851385",SR-PB,DEL14/1,UOP00/PB,
153422,2018-08-16,quinta-feira,18:55:00,PB,101,"89,5",JOAO PESSOA,Pista Escorregadia,Tombamento,Com Vítimas Feridas,Plena Noite,Decrescente,Céu Claro,Dupla,Reta,Sim,1,0,1,0,0,0,1,1,"-7,1807","-34,9005",SR-PB,DEL14/1,UOP01/PB,
153503,2018-08-17,sexta-feira,07:15:00,PB,230,"22,8",JOAO PESSOA,Não guardar distância de segurança,Engavetamento,Com Vítimas Feridas,Pleno dia,Decrescente,Céu Claro,Dupla,Reta,Sim,6,0,2,0,4,0,2,4,"-7,1597","-34,8593",SR-PB,DEL14/1,UOP00/PB,
153521,2018-08-08,quarta-feira,19:00:00,PB,101,"82,9",JOAO PESSOA,Falta de Atenção à Condução,Colisão lateral,Com Vítimas Feridas,Plena Noite,Crescente,Céu Claro,Dupla,Reta,Sim,3,0,2,0,1,0,2,2,"-7,1313","-34,9326",SR-PB,DEL14/1,UOP00/PB,
153609,2018-08-17,sexta-feira,17:10:00,PB,230,"23,1",JOAO PESSOA,Falta de Atenção à Condução,Colisão traseira,Com Vítimas Feridas,Pleno dia,Crescente,Céu Claro,Dupla,Reta,Sim,2,0,1,0,1,0,1,2,"-7,1624372","-34,8597915",SR-PB,DEL14/1,UOP00/PB,
153627,2018-08-17,sexta-feira,17:35:00,PB,230,27,JOAO PESSOA,Não guardar distância de segurança,Colisão traseira,Com Vítimas Feridas,Anoitecer,Crescente,Céu Claro,Dupla,Reta,Sim,2,0,1,0,1,0,1,2,"-7,1651","-34,8938",SR-PB,DEL14/1,UOP00/PB,
153639,2018-08-17,sexta-feira,18:00:00,PB,101,"86,8",JOAO PESSOA,Velocidade Incompatível,Engavetamento,Sem Vítimas,Plena Noite,Decrescente,Céu Claro,Dupla,Reta,Sim,5,0,0,0,5,0,0,5,"-7,15696691","-34,90703523",SR-PB,DEL14/1,UOP00/PB,
153994,2018-08-19,domingo,09:40:00,PB,230,"23,6",JOAO PESSOA,Falta de Atenção à Condução,Colisão lateral,Com Vítimas Feridas,Pleno dia,Crescente,Céu Claro,Dupla,Reta,Sim,3,0,1,1,1,0,2,2,"-7,1562","-34,8574",SR-PB,DEL14/1,UOP00/PB,
154283,2018-08-20,segunda-feira,12:40:00,PB,230,"25,8",JOAO PESSOA,Defeito Mecânico no Veículo,Engavetamento,Com Vítimas Feridas,Pleno dia,Crescente,Sol,Múltipla,Desvio Temporário,Sim,5,0,1,0,3,1,1,5,"-7,16930227","-34,87541735",SR-PB,DEL14/1,UOP00/PB,
154407,2018-08-09,quinta-feira,19:15:00,PB,230,"23,9",JOAO PESSOA,Não guardar distância de segurança,Engavetamento,Com Vítimas Feridas,Plena Noite,Decrescente,Garoa/Chuvisco,Dupla,Viaduto,Sim,4,0,0,1,3,0,1,4,"-7,16502298","-34,86244136",SR-PB,DEL14/1,UOP00/PB,
154733,2018-08-23,quinta-feira,06:20:00,PB,230,"20,7",JOAO PESSOA,Pista Escorregadia,Tombamento,Com Vítimas Feridas,Pleno dia,Crescente,Chuva,Dupla,Reta,Sim,2,0,1,1,0,0,2,1,"-7,14336","-34,85159",SR-PB,DEL14/1,UOP00/PB,
154740,2018-08-23,quinta-feira,07:00:00,PB,101,88,JOAO PESSOA,Pista Escorregadia,Tombamento,Com Vítimas Feridas,Pleno dia,Decrescente,Chuva,Simples,Curva,Sim,2,0,2,0,0,0,2,1,"-7,16605","-34,89464",SR-PB,DEL14/1,UOP00/PB,
154785,2018-08-23,quinta-feira,11:31:00,PB,230,25,JOAO PESSOA,Agressão Externa,Colisão com objeto em movimento,Com Vítimas Feridas,Pleno dia,Decrescente,Céu Claro,Múltipla,Não Informado,Sim,1,0,1,0,0,0,1,1,"-7,17056902","-34,87045527",SR-PB,DEL14/1,UOP00/PB,
154870,2018-08-23,quinta-feira,19:35:00,PB,230,18,JOAO PESSOA,Falta de Atenção à Condução,Colisão traseira,Com Vítimas Feridas,Plena Noite,Decrescente,Céu Claro,Dupla,Curva,Sim,3,0,1,1,0,1,2,2,"-7,12857285","-34,8471415",SR-PB,DEL14/1,UOP00/PB,
155326,2018-08-26,domingo,05:25:00,PB,230,20,JOAO PESSOA,Velocidade Incompatível,Saída de leito carroçável,Com Vítimas Feridas,Amanhecer,Decrescente,Céu Claro,Dupla,Curva,Sim,1,0,1,0,0,0,1,1,"-7,13670625","-34,85399723",SR-PB,DEL14/1,UOP00/PB,
155333,2018-08-26,domingo,06:35:00,PB,230,20,JOAO PESSOA,Não guardar distância de segurança,Colisão traseira,Com Vítimas Feridas,Pleno dia,Decrescente,Sol,Dupla,Não Informado,Sim,3,0,1,0,2,0,1,2,"-7,13619526","-34,8543191",SR-PB,DEL14/1,UOP00/PB,
155489,2018-08-26,domingo,21:00:00,PB,101,"92,9",JOAO PESSOA,Animais na Pista,Atropelamento de Animal,Com Vítimas Feridas,Plena Noite,Crescente,Garoa/Chuvisco,Dupla,Reta,Sim,2,0,1,0,1,0,1,2,"-7,2045","-34,9085",SR-PB,DEL14/1,UOP01/PB,
155530,2018-08-27,segunda-feira,04:00:00,PB,230,26,JOAO PESSOA,Ingestão de Álcool,Colisão com objeto estático,Com Vítimas Feridas,Plena Noite,Crescente,Nublado,Dupla,Curva,Sim,2,0,1,1,0,0,2,1,"-7,16907163","-34,87931728",SR-PB,DEL14/1,UOP00/PB,
155681,2018-08-27,segunda-feira,07:41:00,PB,230,"25,1",JOAO PESSOA,Mal Súbito,Colisão traseira,Sem Vítimas,Pleno dia,Decrescente,Céu Claro,Múltipla,Reta,Sim,2,0,0,0,2,0,0,2,"-7,17066482","-34,86956477",SR-PB,DEL14/1,UOP00/PB,
155928,2018-08-29,quarta-feira,08:15:00,PB,230,15,JOAO PESSOA,Defeito Mecânico no Veículo,Danos eventuais,Com Vítimas Feridas,Pleno dia,Decrescente,Céu Claro,Dupla,Reta,Sim,1,0,1,0,0,0,1,1,"-7,093","-34,8482",SR-PB,DEL14/1,UOP00/PB,
156175,2018-08-30,quinta-feira,16:00:00,PB,230,24,JOAO PESSOA,Falta de Atenção à Condução,Colisão traseira,Com Vítimas Feridas,Pleno dia,Decrescente,Céu Claro,Dupla,Reta,Sim,1,0,1,0,0,0,1,1,"-7,16672423","-34,86342251",SR-PB,DEL14/1,UOP00/PB,
156299,2018-08-24,sexta-feira,23:00:00,PB,230,20,JOAO PESSOA,Ingestão de Álcool,Queda de ocupante de veículo,Com Vítimas Feridas,Plena Noite,Crescente,Chuva,Dupla,Reta,Não,1,0,1,0,0,0,1,1,"-7,1337","-34,8544",SR-PB,DEL14/1,UOP00/PB,
156385,2018-08-31,sexta-feira,16:30:00,PB,101,82,JOAO PESSOA,Avarias e/ou desgaste excessivo no pneu,Colisão com objeto estático,Sem Vítimas,Pleno dia,Crescente,Céu Claro,Dupla,Reta,Sim,1,0,0,0,1,0,0,1,"-7,1313","-34,9326",SR-PB,DEL14/1,UOP00/PB,
156459,2018-08-31,sexta-feira,23:30:00,PB,230,29,JOAO PESSOA,Falta de Atenção à Condução,Colisão transversal,Com Vítimas Feridas,Plena Noite,Decrescente,Céu Claro,Dupla,Reta,Sim,2,0,0,1,0,1,1,2,"-7,1622","-34,9031",SR-PB,DEL14/1,UOP00/PB,
156520,2018-09-01,sábado,07:55:00,PB,101,"89,8",JOAO PESSOA,Não guardar distância de segurança,Colisão traseira,Com Vítimas Feridas,Pleno dia,Decrescente,Céu Claro,Dupla,Não Informado,Sim,3,0,2,0,1,0,2,2,"-7,178063","-34,899563",SR-PB,DEL14/1,UOP01/PB,
156809,2018-09-02,domingo,12:50:00,PB,101,89,JOAO PESSOA,Falta de Atenção à Condução,Queda de ocupante de veículo,Com Vítimas Feridas,Pleno dia,Crescente,Céu Claro,Múltipla,Reta,Não,1,0,1,0,0,0,1,1,"-7,18096899","-34,90088224",SR-PB,DEL14/1,UOP01/PB,
157114,2018-09-03,segunda-feira,18:20:00,PB,230,24,JOAO PESSOA,Não guardar distância de segurança,Colisão traseira,Sem Vítimas,Plena Noite,Decrescente,Céu Claro,Dupla,Reta,Sim,2,0,0,0,2,0,0,2,"-7,1637","-34,8618",SR-PB,DEL14/1,UOP00/PB,
157208,2018-08-26,domingo,03:40:00,PB,230,18,JOAO PESSOA,Velocidade Incompatível,Saída de leito carroçável,Sem Vítimas,Plena Noite,Decrescente,Céu Claro,Dupla,Curva,Sim,1,0,0,0,0,1,0,1,"-7,11993894","-34,84529614",SR-PB,DEL14/1,UOP00/PB,
157391,2018-09-05,quarta-feira,07:35:00,PB,230,"20,6",JOAO PESSOA,Não guardar distância de segurança,Engavetamento,Com Vítimas Feridas,Pleno dia,Decrescente,Sol,Dupla,Reta,Sim,4,0,1,0,3,0,1,3,"-7,141424","-34,851612",SR-PB,DEL14/1,UOP00/PB,
157420,2018-08-29,quarta-feira,14:58:00,PB,101,91,JOAO PESSOA,Falta de Atenção à Condução,Colisão lateral,Com Vítimas Feridas,Pleno dia,Decrescente,Sol,Dupla,Reta,Sim,2,0,1,0,1,0,1,2,"-7,1984","-34,9063",SR-PB,DEL14/1,UOP01/PB,
157485,2018-08-30,quinta-feira,19:15:00,PB,230,21,JOAO PESSOA,Falta de Atenção à Condução,Engavetamento,Com Vítimas Feridas,Plena Noite,Decrescente,Céu Claro,Dupla,Reta,Sim,4,0,1,0,3,0,1,4,"-7,1503264","-34,8522861",SR-PB,DEL14/1,UOP00/PB,
157503,2018-09-05,quarta-feira,18:15:00,PB,230,"16,8",JOAO PESSOA,Não guardar distância de segurança,Colisão traseira,Sem Vítimas,Anoitecer,Crescente,Céu Claro,Dupla,Desvio Temporário,Sim,2,0,0,0,2,0,0,2,"-7,10997941","-34,84313697",SR-PB,DEL14/1,UOP00/PB,
157670,2018-09-06,quinta-feira,14:10:00,PB,101,"89,9",JOAO PESSOA,Defeito na Via,Colisão com objeto estático,Com Vítimas Feridas,Pleno dia,Crescente,Nublado,Dupla,Reta,Não,2,0,1,1,0,0,2,1,"-7,1903277","-34,9037929",SR-PB,DEL14/1,UOP01/PB,
157740,2018-09-06,quinta-feira,19:20:00,PB,230,"27,9",JOAO PESSOA,Não guardar distância de segurança,Colisão transversal,Com Vítimas Feridas,Plena Noite,Crescente,Céu Claro,Dupla,Desvio Temporário,Não,2,0,0,1,1,0,1,2,"-7,16543813","-34,89804447",SR-PB,DEL14/1,UOP00/PB,
158474,2018-09-09,domingo,17:00:00,PB,230,20,JOAO PESSOA,Não guardar distância de segurança,Colisão traseira,Com Vítimas Feridas,Plena Noite,Decrescente,Céu Claro,Dupla,Reta,Sim,3,0,1,1,0,1,2,2,"-7,141424","-34,851612",SR-PB,DEL14/1,UOP00/PB,
158618,2018-09-10,segunda-feira,16:10:00,PB,230,17,JOAO PESSOA,Falta de Atenção à Condução,Colisão lateral,Com Vítimas Feridas,Pleno dia,Crescente,Garoa/Chuvisco,Dupla,Reta,Sim,2,0,1,0,1,0,1,2,"-7,1121","-34,8426",SR-PB,DEL14/1,UOP00/PB,
158693,2018-09-10,segunda-feira,21:42:00,PB,101,"89,3",JOAO PESSOA,Ingestão de Álcool,Colisão transversal,Com Vítimas Feridas,Plena Noite,Decrescente,Chuva,Dupla,Reta,Sim,2,0,1,0,1,0,1,2,"-7,17798315","-34,89959478",SR-PB,DEL14/1,UOP01/PB,
159187,2018-09-03,segunda-feira,18:20:00,PB,101,89,JOAO PESSOA,Desobediência às normas de trânsito pelo pedestre,Atropelamento de Pedestre,Com Vítimas Feridas,Plena Noite,Crescente,Céu Claro,Dupla,Reta,Sim,2,0,2,0,0,0,2,1,"-7,17151","-34,89723",SR-PB,DEL14/1,UOP01/PB,
159391,2018-09-08,sábado,04:15:00,PB,101,87,JOAO PESSOA,Ingestão de Álcool,Capotamento,Sem Vítimas,Amanhecer,Decrescente,Céu Claro,Dupla,Reta,Sim,1,0,0,0,0,1,0,1,"-7,1588","-34,9061",SR-PB,DEL14/1,UOP00/PB,
159551,2018-09-15,sábado,00:40:00,PB,230,17,JOAO PESSOA,Desobediência às normas de trânsito pelo condutor,Colisão lateral,Sem Vítimas,Plena Noite,Decrescente,Céu Claro,Simples,Reta,Sim,3,0,0,0,3,0,0,3,"-7,11446486","-34,84211504",SR-PB,DEL14/1,UOP00/PB,
159617,2018-09-15,sábado,09:18:00,PB,230,"19,8",JOAO PESSOA,Falta de Atenção à Condução,Colisão traseira,Com Vítimas Feridas,Pleno dia,Decrescente,Céu Claro,Dupla,Curva,Sim,2,0,1,0,1,0,1,2,"-7,1281","-34,8466",SR-PB,DEL14/1,UOP00/PB,
159878,2018-09-16,domingo,14:15:00,PB,101,92,JOAO PESSOA,Falta de Atenção à Condução,Colisão traseira,Com Vítimas Feridas,Pleno dia,Decrescente,Céu Claro,Dupla,Reta,Sim,2,0,1,0,0,1,1,2,"-7,1892","-34,9032",SR-PB,DEL14/1,UOP01/PB,
160539,2018-09-19,quarta-feira,21:00:00,PB,230,"25,1",JOAO PESSOA,Defeito na Via,Colisão com objeto estático,Com Vítimas Feridas,Plena Noite,Decrescente,Céu Claro,Múltipla,Interseção de vias,Sim,2,0,0,1,1,0,1,1,"-7,16923308","-34,88016486",SR-PB,DEL14/1,UOP00/PB,
160863,2018-09-21,sexta-feira,16:40:00,PB,230,21,JOAO PESSOA,Falta de Atenção à Condução,Tombamento,Com Vítimas Feridas,Anoitecer,Crescente,Céu Claro,Dupla,Reta,Sim,4,0,2,1,0,1,3,3,"-7,14129611","-34,85192132",SR-PB,DEL14/1,UOP00/PB,
161255,2018-09-23,domingo,13:00:00,PB,101,"88,9",JOAO PESSOA,Velocidade Incompatível,Colisão traseira,Com Vítimas Feridas,Pleno dia,Decrescente,Céu Claro,Dupla,Reta,Sim,3,0,1,0,2,0,1,2,"-7,17100448","-34,89750534",SR-PB,DEL14/1,UOP00/PB,
161260,2018-09-23,domingo,13:15:00,PB,230,"26,9",JOAO PESSOA,Falta de Atenção à Condução,Colisão traseira,Com Vítimas Feridas,Pleno dia,Decrescente,Céu Claro,Dupla,Reta,Sim,3,0,3,0,0,0,3,2,"-7,1681","-34,8848",SR-PB,DEL14/1,UOP00/PB,
161307,2018-09-23,domingo,19:00:00,PB,230,"24,1",JOAO PESSOA,Não guardar distância de segurança,Colisão traseira,Com Vítimas Feridas,Plena Noite,Decrescente,Céu Claro,Dupla,Viaduto,Sim,3,0,1,0,1,1,1,2,"-7,1642","-34,862",SR-PB,DEL14/1,UOP00/PB,
161322,2018-09-23,domingo,18:30:00,PB,230,24,JOAO PESSOA,Ingestão de álcool e/ou substâncias psicoativas pelo pedestre,Colisão lateral,Com Vítimas Feridas,Plena Noite,Decrescente,Céu Claro,Dupla,Curva,Sim,2,0,1,0,0,1,1,2,"-7,1637","-34,8618",SR-PB,DEL14/1,UOP00/PB,
161375,2018-09-24,segunda-feira,00:20:00,PB,230,25,JOAO PESSOA,Falta de Atenção à Condução,Colisão traseira,Com Vítimas Feridas,Plena Noite,Decrescente,Céu Claro,Dupla,Não Informado,Sim,2,0,1,0,0,1,1,2,"-7,1689197","-34,876254",SR-PB,DEL14/1,UOP00/PB,
161637,2018-09-25,terça-feira,14:35:00,PB,230,"22,9",JOAO PESSOA,Falta de Atenção à Condução,Engavetamento,Com Vítimas Feridas,Pleno dia,Decrescente,Céu Claro,Dupla,Reta,Sim,8,0,1,0,6,1,1,7,"-7,1495","-34,8517",SR-PB,DEL14/1,UOP00/PB,
161736,2018-09-26,quarta-feira,00:50:00,PB,230,"22,1",JOAO PESSOA,Velocidade Incompatível,Colisão traseira,Com Vítimas Fatais,Pleno dia,Decrescente,Céu Claro,Dupla,Reta,Sim,3,1,0,0,0,2,0,2,"-7,154006","-34,855484",SR-PB,DEL14/1,UOP00/PB,
161844,2018-09-26,quarta-feira,17:00:00,PB,230,28,JOAO PESSOA,Falta de Atenção à Condução,Colisão lateral,Com Vítimas Feridas,Pleno dia,Decrescente,Céu Claro,Múltipla,Reta,Não,2,0,1,0,0,1,1,2,"-7,165225","-34,899487",SR-PB,DEL14/1,UOP00/PB,
161956,2018-09-27,quinta-feira,11:35:00,PB,230,29,JOAO PESSOA,Não guardar distância de segurança,Colisão lateral,Com Vítimas Feridas,Pleno dia,Decrescente,Céu Claro,Dupla,Reta,Não,2,0,1,0,1,0,1,2,"-7,1574","-34,9067",SR-PB,DEL14/1,UOP00/PB,
161970,2018-01-30,terça-feira,16:00:00,PB,230,"20,1",JOAO PESSOA,Avarias e/ou desgaste excessivo no pneu,Tombamento,Com Vítimas Feridas,Pleno dia,Decrescente,Céu Claro,Dupla,Curva,Sim,2,0,2,0,0,0,2,1,"-7,134559","-34,854457",SR-PB,DEL14/1,UOP00/PB,
162110,2018-09-14,sexta-feira,11:40:00,PB,230,17,JOAO PESSOA,Não guardar distância de segurança,Colisão traseira,Com Vítimas Feridas,Pleno dia,Crescente,Céu Claro,Dupla,Não Informado,Sim,3,0,1,0,1,1,1,3,"-7,11580629","-34,8420614",SR-PB,DEL14/1,UOP00/PB,
162150,2018-07-11,quarta-feira,14:40:00,PB,230,"16,5",JOAO PESSOA,Desobediência às normas de trânsito pelo condutor,Engavetamento,Sem Vítimas,Pleno dia,Decrescente,Sol,Dupla,Reta,Sim,3,0,0,0,3,0,0,3,"-7,11012313","-34,84298408",SR-PB,DEL14/1,UOP00/PB,
162222,2018-09-02,domingo,11:20:00,PB,101,"89,6",JOAO PESSOA,Falta de Atenção à Condução,Colisão lateral,Com Vítimas Feridas,Pleno dia,Crescente,Céu Claro,Dupla,Reta,Sim,4,0,2,1,1,0,3,2,"-7,1807","-34,9005",SR-PB,DEL14/1,UOP01/PB,
162578,2018-09-30,domingo,14:10:00,PB,230,"26,5",JOAO PESSOA,Falta de Atenção à Condução,Colisão traseira,Com Vítimas Feridas,Pleno dia,Crescente,Céu Claro,Dupla,Reta,Sim,3,0,1,0,2,0,1,2,"-7,1693","-34,8782",SR-PB,DEL14/1,UOP00/PB,
162696,2018-10-01,segunda-feira,08:00:00,PB,230,"23,6",JOAO PESSOA,Desobediência às normas de trânsito pelo condutor,Colisão transversal,Com Vítimas Feridas,Pleno dia,Decrescente,Sol,Dupla,Não Informado,Sim,2,0,1,0,1,0,1,2,"-7,16342622","-34,86150742",SR-PB,DEL14/1,UOP00/PB,
163067,2018-10-03,quarta-feira,10:00:00,PB,230,"16,9",JOAO PESSOA,Falta de Atenção à Condução,Queda de ocupante de veículo,Com Vítimas Feridas,Pleno dia,Crescente,Céu Claro,Dupla,Não Informado,Sim,2,0,1,0,1,0,1,2,"-7,12541101","-34,8453927",SR-PB,DEL14/1,UOP00/PB,
163135,2018-10-03,quarta-feira,17:20:00,PB,230,"23,1",JOAO PESSOA,Falta de Atenção à Condução,Tombamento,Com Vítimas Feridas,Anoitecer,Crescente,Céu Claro,Dupla,Reta,Sim,2,0,0,1,1,0,1,2,"-7,1562","-34,8574",SR-PB,DEL14/1,UOP00/PB,
163226,2018-10-04,quinta-feira,07:50:00,PB,101,"87,9",JOAO PESSOA,Pista Escorregadia,Tombamento,Com Vítimas Feridas,Pleno dia,Crescente,Chuva,Dupla,Reta,Não,1,0,1,0,0,0,1,1,"-7,163698","-34,900728",SR-PB,DEL14/1,UOP00/PB,
163473,2018-10-05,sexta-feira,15:05:00,PB,230,23,JOAO PESSOA,Velocidade Incompatível,Colisão traseira,Com Vítimas Feridas,Pleno dia,Decrescente,Céu Claro,Dupla,Viaduto,Sim,2,0,1,0,1,0,1,2,"-7,1644028","-34,8615838",SR-PB,DEL14/1,UOP00/PB,
163496,2018-10-05,sexta-feira,16:00:00,PB,230,17,JOAO PESSOA,Velocidade Incompatível,Colisão traseira,Com Vítimas Feridas,Pleno dia,Decrescente,Céu Claro,Dupla,Reta,Sim,3,0,1,0,2,0,1,2,"-7,11244403","-34,84245837",SR-PB,DEL14/1,UOP00/PB,
163516,2018-10-05,sexta-feira,17:34:00,PB,101,"88,5",JOAO PESSOA,Falta de Atenção à Condução,Colisão transversal,Com Vítimas Fatais,Anoitecer,Crescente,Céu Claro,Múltipla,Reta,Sim,2,1,0,0,1,0,0,2,"-7,1689276","-34,8969218",SR-PB,DEL14/1,UOP00/PB,
164289,2018-10-09,terça-feira,07:00:00,PB,230,23,JOAO PESSOA,Não guardar distância de segurança,Colisão traseira,Com Vítimas Feridas,Pleno dia,Decrescente,Céu Claro,Dupla,Reta,Sim,2,0,1,0,1,0,1,2,"-7,1682","-34,8643",SR-PB,DEL14/1,UOP00/PB,
164310,2018-09-18,terça-feira,06:00:00,PB,101,90,JOAO PESSOA,Velocidade Incompatível,Colisão com objeto estático,Com Vítimas Feridas,Pleno dia,Crescente,Céu Claro,Dupla,Reta,Sim,1,0,1,0,0,0,1,1,"-7,1896","-34,9035",SR-PB,DEL14/1,UOP01/PB,
164491,2018-10-10,quarta-feira,06:45:00,PB,101,"88,9",JOAO PESSOA,Falta de Atenção à Condução,Colisão lateral,Com Vítimas Feridas,Pleno dia,Crescente,Nublado,Múltipla,Rotatória,Sim,2,0,1,0,1,0,1,2,"-7,18120317","-34,90088224",SR-PB,DEL14/1,UOP00/PB,
164506,2018-10-10,quarta-feira,07:45:00,PB,230,"19,3",JOAO PESSOA,Não guardar distância de segurança,Colisão traseira,Com Vítimas Feridas,Pleno dia,Decrescente,Céu Claro,Dupla,Reta,Sim,3,0,2,0,1,0,2,2,"-7,130483","-34,851504",SR-PB,DEL14/1,UOP00/PB,
164518,2018-10-10,quarta-feira,07:30:00,PB,101,88,JOAO PESSOA,Falta de Atenção à Condução,Saída de leito carroçável,Com Vítimas Feridas,Pleno dia,Decrescente,Chuva,Múltipla,Não Informado,Sim,2,0,1,0,1,0,1,1,"-7,1677504","-34,896504",SR-PB,DEL14/1,UOP00/PB,
164542,2018-09-20,quinta-feira,06:00:00,PB,101,"85,5",JOAO PESSOA,Defeito Mecânico no Veículo,Colisão traseira,Com Vítimas Feridas,Pleno dia,Crescente,Céu Claro,Dupla,Não Informado,Sim,3,0,1,0,2,0,1,3,"-7,15158872","-34,90978181",SR-PB,DEL14/1,UOP00/PB,
164557,2018-10-10,quarta-feira,12:35:00,PB,101,"89,5",JOAO PESSOA,Falta de Atenção à Condução,Colisão transversal,Com Vítimas Feridas,Pleno dia,Decrescente,Céu Claro,Dupla,Não Informado,Sim,2,0,1,0,1,0,1,2,"-7,1807","-34,9005",SR-PB,DEL14/1,UOP01/PB,
164571,2018-09-22,sábado,23:30:00,PB,230,"25,2",JOAO PESSOA,Sinalização da via insuficiente ou inadequada,Colisão com objeto estático,Sem Vítimas,Plena Noite,Decrescente,Céu Claro,Dupla,Reta,Sim,1,0,0,0,1,0,0,1,"-7,1707","-34,8684",SR-PB,DEL14/1,UOP00/PB,
164583,2018-09-23,domingo,09:30:00,PB,230,15,JOAO PESSOA,Não guardar distância de segurança,Colisão traseira,Com Vítimas Feridas,Pleno dia,Decrescente,Céu Claro,Dupla,Reta,Sim,3,0,1,0,2,0,1,3,"-7,0987","-34,84771",SR-PB,DEL14/1,UOP00/PB,
164613,2018-10-10,quarta-feira,18:10:00,PB,230,"19,2",JOAO PESSOA,Falta de Atenção à Condução,Colisão traseira,Com Vítimas Feridas,Plena Noite,Decrescente,Nublado,Dupla,Reta,Sim,4,0,3,0,1,0,3,2,"-7,129634","-34,850379",SR-PB,DEL14/1,UOP00/PB,
164734,2018-09-28,sexta-feira,07:30:00,PB,230,18,JOAO PESSOA,Falta de Atenção à Condução,Engavetamento,Com Vítimas Feridas,Pleno dia,Crescente,Céu Claro,Dupla,Reta,Sim,7,0,3,0,4,0,3,5,"-7,11984313","-34,84517276",SR-PB,DEL14/1,UOP00/PB,
164836,2018-10-11,quinta-feira,19:50:00,PB,230,"23,5",JOAO PESSOA,Não guardar distância de segurança,Colisão traseira,Com Vítimas Feridas,Plena Noite,Decrescente,Nublado,Dupla,Não Informado,Sim,2,0,1,0,1,0,1,2,"-7,1670465","-34,8616354",SR-PB,DEL14/1,UOP00/PB,
164985,2018-10-12,sexta-feira,10:40:00,PB,230,19,JOAO PESSOA,Falta de Atenção à Condução,Colisão traseira,Sem Vítimas,Pleno dia,Decrescente,Céu Claro,Dupla,Reta,Sim,2,0,0,0,2,0,0,2,"-7,1281","-34,8466",SR-PB,DEL14/1,UOP00/PB,
165824,2018-10-16,terça-feira,11:45:00,PB,230,"16,5",JOAO PESSOA,Não guardar distância de segurança,Colisão lateral,Com Vítimas Feridas,Pleno dia,Decrescente,Céu Claro,Dupla,Não Informado,Sim,2,0,1,0,1,0,1,2,"-7,1103467","-34,84289825",SR-PB,DEL14/1,UOP00/PB,
165827,2018-10-16,terça-feira,12:35:00,PB,230,24,JOAO PESSOA,Falta de Atenção à Condução,Colisão lateral,Com Vítimas Feridas,Pleno dia,Crescente,Céu Claro,Múltipla,Reta,Sim,3,0,2,0,1,0,2,2,"-7,169395","-34,873445",SR-PB,DEL14/1,UOP00/PB,
166083,2018-10-17,quarta-feira,19:40:00,PB,101,89,JOAO PESSOA,Ingestão de álcool e/ou substâncias psicoativas pelo pedestre,Atropelamento de Pedestre,Com Vítimas Feridas,Plena Noite,Crescente,Nublado,Dupla,Reta,Sim,2,0,1,0,0,1,1,1,"-7,1745161","-34,8985842",SR-PB,DEL14/1,UOP01/PB,
166311,2018-10-18,quinta-feira,23:10:00,PB,230,25,JOAO PESSOA,Falta de Atenção à Condução,Colisão com objeto estático,Sem Vítimas,Plena Noite,Crescente,Nublado,Múltipla,Reta,Sim,1,0,0,0,0,1,0,1,"-7,1703883","-34,86975",SR-PB,DEL14/1,UOP00/PB,
166342,2018-10-19,sexta-feira,08:15:00,PB,230,"18,4",JOAO PESSOA,Não guardar distância de segurança,Colisão lateral,Com Vítimas Feridas,Pleno dia,Decrescente,Céu Claro,Dupla,Curva,Sim,3,0,1,0,2,0,1,2,"-7,1198","-34,8453",SR-PB,DEL14/1,UOP00/PB,