id,data_inversa,dia_semana,horario,uf,br,km,municipio,causa_acidente,tipo_acidente,classificacao_acidente,fase_dia,sentido_via,condicao_metereologica,tipo_pista,tracado_via,uso_solo,pessoas,mortos,feridos_leves,feridos_graves,ilesos,ignorados,feridos,veiculos,latitude,longitude,regional,delegacia,uop,geometry
166402,2018-10-19,sexta-feira,13:00:00,PB,101,"88,9",JOAO PESSOA,Falta de Atenção à Condução,Colisão lateral,Com Vítimas Feridas,Pleno dia,Decrescente,Sol,Dupla,Reta,Sim,3,0,1,0,1,1,1,2,"-7,181143","-34,9007877",SR-PB,DEL14/1,UOP00/PB,
166714,2018-10-21,domingo,01:35:00,PB,230,18,JOAO PESSOA,Velocidade Incompatível,Capotamento,Sem Vítimas,Plena Noite,Decrescente,Céu Claro,Dupla,Não Informado,Não,1,0,0,0,0,1,0,1,"-7,1707439","-34,868952",SR-PB,DEL14/1,UOP00/PB,
166961,2018-10-22,segunda-feira,07:55:00,PB,230,"17,7",JOAO PESSOA,Não guardar distância de segurança,Engavetamento,Com Vítimas Feridas,Pleno dia,Crescente,Céu Claro,Dupla,Reta,Sim,3,0,1,0,2,0,1,3,"-7,12074805","-34,84519422",SR-PB,DEL14/1,UOP00/PB,
167074,2018-10-22,segunda-feira,17:40:00,PB,230,18,JOAO PESSOA,Desobediência às normas de trânsito pelo condutor,Engavetamento,Com Vítimas Feridas,Anoitecer,Decrescente,Céu Claro,Dupla,Reta,Sim,3,0,2,0,1,0,2,3,"-7,1219298","-34,8452962",SR-PB,DEL14/1,UOP00/PB,
167425,2018-10-24,quarta-feira,16:50:00,PB,230,"28,1",JOAO PESSOA,Não guardar distância de segurança,Colisão lateral,Com Vítimas Feridas,Pleno dia,Crescente,Céu Claro,Dupla,Não Informado,Sim,3,0,2,0,1,0,2,2,"-7,16538491","-34,89504576",SR-PB,DEL14/1,UOP00/PB,
167636,2018-10-25,quinta-feira,15:50:00,PB,101,"89,9",JOAO PESSOA,Desobediência às normas de trânsito pelo condutor,Colisão transversal,Com Vítimas Feridas,Pleno dia,Decrescente,Sol,Dupla,Interseção de vias,Sim,2,0,1,0,1,0,1,2,"-7,17895182","-34,89991665",SR-PB,DEL14/1,UOP01/PB,
167662,2018-10-25,quinta-feira,18:20:00,PB,230,"19,4",JOAO PESSOA,Não guardar distância de segurança,Colisão traseira,Com Vítimas Feridas,Plena Noite,Crescente,Céu Claro,Dupla,Reta,Sim,2,0,1,0,1,0,1,2,"-7,12983439","-34,85077322",SR-PB,DEL14/1,UOP00/PB,
168169,2018-10-28,domingo,08:30:00,PB,230,28,JOAO PESSOA,Falta de Atenção à Condução,Engavetamento,Com Vítimas Feridas,Pleno dia,Crescente,Céu Claro,Dupla,Não Informado,Sim,4,0,1,0,3,0,1,3,"-7,16562974","-34,89598453",SR-PB,DEL14/1,UOP00/PB,
168320,2018-10-28,domingo,20:50:00,PB,230,"22,3",JOAO PESSOA,Ingestão de Álcool,Colisão traseira,Com Vítimas Feridas,Plena Noite,Crescente,Céu Claro,Dupla,Reta,Sim,3,0,2,1,0,0,3,2,"-7,15557878","-34,85698046",SR-PB,DEL14/1,UOP00/PB,
168456,2018-10-29,segunda-feira,18:15:00,PB,230,"20,1",JOAO PESSOA,Não guardar distância de segurança,Colisão lateral,Com Vítimas Feridas,Plena Noite,Crescente,Céu Claro,Dupla,Curva,Sim,2,0,1,0,0,1,1,2,"-7,13455049","-34,85460341",SR-PB,DEL14/1,UOP00/PB,
168563,2018-10-05,sexta-feira,16:15:00,PB,230,19,JOAO PESSOA,Defeito Mecânico no Veículo,Engavetamento,Com Vítimas Feridas,Anoitecer,Decrescente,Céu Claro,Dupla,Reta,Sim,3,0,1,0,2,0,1,3,"-7,1289838","-34,8495633",SR-PB,DEL14/1,UOP00/PB,
168575,2018-10-07,domingo,18:05:00,PB,230,29,JOAO PESSOA,Defeito Mecânico no Veículo,Tombamento,Com Vítimas Feridas,Plena Noite,Decrescente,Céu Claro,Dupla,Reta,Sim,2,0,1,0,1,0,1,1,"-7,1622","-34,9031",SR-PB,DEL14/1,UOP00/PB,
168819,2018-10-31,quarta-feira,18:40:00,PB,230,"19,9",JOAO PESSOA,Não guardar distância de segurança,Colisão traseira,Com Vítimas Feridas,Plena Noite,Crescente,Céu Claro,Dupla,Curva,Sim,2,0,1,0,0,1,1,2,"-7,1328","-34,853953",SR-PB,DEL14/1,UOP00/PB,
168845,2018-10-31,quarta-feira,20:30:00,PB,230,21,JOAO PESSOA,Avarias e/ou desgaste excessivo no pneu,Tombamento,Com Vítimas Feridas,Plena Noite,Decrescente,Céu Claro,Dupla,Reta,Sim,2,0,2,0,0,0,2,1,"-7,1415","-34,8519",SR-PB,DEL14/1,UOP00/PB,
168898,2018-11-01,quinta-feira,10:27:00,PB,230,28,JOAO PESSOA,Não guardar distância de segurança,Colisão lateral,Com Vítimas Feridas,Pleno dia,Decrescente,Céu Claro,Dupla,Reta,Sim,2,0,1,0,0,1,1,2,"-7,16522523","-34,89902079",SR-PB,DEL14/1,UOP00/PB,
169014,2018-11-01,quinta-feira,19:20:00,PB,101,"88,5",JOAO PESSOA,Desobediência às normas de trânsito pelo condutor,Colisão transversal,Com Vítimas Fatais,Plena Noite,Decrescente,Céu Claro,Dupla,Reta,Sim,2,1,0,0,1,0,0,2,"-7,16863421","-34,8968339",SR-PB,DEL14/1,UOP00/PB,
169478,2018-11-04,domingo,09:24:00,PB,230,"18,7",JOAO PESSOA,Ingestão de Álcool,Colisão traseira,Com Vítimas Feridas,Pleno dia,Decrescente,Sol,Dupla,Curva,Sim,2,0,1,0,1,0,1,2,"-7,128074","-34,846405",SR-PB,DEL14/1,UOP00/PB,
169826,2018-11-05,segunda-feira,20:30:00,PB,230,"19,9",JOAO PESSOA,Falta de Atenção à Condução,Colisão lateral,Sem Vítimas,Anoitecer,Crescente,Céu Claro,Dupla,Curva,Sim,2,0,0,0,2,0,0,2,"-7,13501358","-34,85465705",SR-PB,DEL14/1,UOP00/PB,
170234,2018-11-08,quinta-feira,07:55:00,PB,101,"89,9",JOAO PESSOA,Falta de Atenção à Condução,Colisão transversal,Com Vítimas Feridas,Pleno dia,Crescente,Céu Claro,Múltipla,Reta,Sim,2,0,1,0,1,0,1,2,"-7,1807","-34,9005",SR-PB,DEL14/1,UOP01/PB,
170363,2018-11-08,quinta-feira,17:55:00,PB,230,"26,9",JOAO PESSOA,Não guardar distância de segurança,Colisão traseira,Com Vítimas Feridas,Anoitecer,Crescente,Céu Claro,Dupla,Reta,Sim,2,0,1,0,1,0,1,2,"-7,1677","-34,8855",SR-PB,DEL14/1,UOP00/PB,
170788,2018-11-10,sábado,12:45:00,PB,101,"85,5",JOAO PESSOA,Falta de Atenção à Condução,Colisão lateral,Com Vítimas Feridas,Pleno dia,Decrescente,Céu Claro,Dupla,Reta,Sim,2,0,0,1,0,1,1,2,"-7,150661","-34,910119",SR-PB,DEL14/1,UOP00/PB,
170930,2018-11-10,sábado,23:10:00,PB,230,"17,4",JOAO PESSOA,Desobediência às normas de trânsito pelo condutor,Colisão transversal,Com Vítimas Feridas,Plena Noite,Crescente,Céu Claro,Dupla,Não Informado,Sim,2,0,1,0,1,0,1,2,"-7,11822492","-34,84414816",SR-PB,DEL14/1,UOP00/PB,
171396,2018-11-13,terça-feira,17:45:00,PB,230,18,JOAO PESSOA,Falta de Atenção à Condução,Colisão traseira,Com Vítimas Feridas,Anoitecer,Decrescente,Céu Claro,Dupla,Reta,Sim,3,0,1,1,1,0,2,2,"-7,1291873","-34,84978974",SR-PB,DEL14/1,UOP00/PB,
171949,2018-11-16,sexta-feira,08:50:00,PB,101,"89,5",JOAO PESSOA,Falta de Atenção à Condução,Tombamento,Sem Vítimas,Pleno dia,Decrescente,Céu Claro,Dupla,Retorno Regulamentado,Sim,1,0,0,0,1,0,0,1,"-7,1807","-34,9005",SR-PB,DEL14/1,UOP01/PB,
172202,2018-11-17,sábado,15:20:00,PB,101,89,JOAO PESSOA,Sinalização da via insuficiente ou inadequada,Atropelamento de Pedestre,Com Vítimas Fatais,Pleno dia,Decrescente,Céu Claro,Dupla,Desvio Temporário,Não,2,1,0,0,1,0,0,1,"-7,17072869","-34,8975563",SR-PB,DEL14/1,UOP01/PB,
172279,2018-11-17,sábado,23:15:00,PB,230,20,JOAO PESSOA,Não guardar distância de segurança,Colisão traseira,Com Vítimas Feridas,Plena Noite,Decrescente,Céu Claro,Dupla,Curva,Não,6,0,1,0,5,0,1,2,"-7,13666367","-34,85415816",SR-PB,DEL14/1,UOP00/PB,
172320,2018-11-17,sábado,23:00:00,PB,230,"24,1",JOAO PESSOA,Sinalização da via insuficiente ou inadequada,Colisão com objeto estático,Sem Vítimas,Plena Noite,Crescente,Céu Claro,Dupla,Interseção de vias,Sim,1,0,0,0,0,1,0,1,"-7,16983452","-34,87234354",SR-PB,DEL14/1,UOP00/PB,
172427,2018-11-18,domingo,15:10:00,PB,101,88,JOAO PESSOA,Desobediência às normas de trânsito pelo condutor,Colisão traseira,Com Vítimas Feridas,Pleno dia,Crescente,Céu Claro,Múltipla,Reta,Sim,2,0,2,0,0,0,2,2,"-7,16578942","-34,89664435",SR-PB,DEL14/1,UOP00/PB,
172558,2018-11-19,segunda-feira,02:00:00,PB,101,88,JOAO PESSOA,Pista Escorregadia,Colisão com objeto estático,Sem Vítimas,Plena Noite,Crescente,Nublado,Simples,Curva,Sim,3,0,0,0,3,0,0,1,"-7,1666836","-34,89609718",SR-PB,DEL14/1,UOP00/PB,
172596,2018-11-19,segunda-feira,07:38:00,PB,230,"15,2",JOAO PESSOA,Não guardar distância de segurança,Colisão traseira,Com Vítimas Feridas,Pleno dia,Crescente,Sol,Dupla,Não Informado,Sim,2,0,1,0,1,0,1,2,"-7,100438","-34,847739",SR-PB,DEL14/1,UOP00/PB,
173040,2018-11-21,quarta-feira,14:10:00,PB,230,22,JOAO PESSOA,Não guardar distância de segurança,Colisão traseira,Com Vítimas Feridas,Pleno dia,Decrescente,Sol,Dupla,Reta,Sim,4,0,2,0,2,0,2,2,"-7,1495","-34,8517",SR-PB,DEL14/1,UOP00/PB,
173227,2018-11-22,quinta-feira,17:30:00,PB,230,"21,1",JOAO PESSOA,Falta de Atenção à Condução,Engavetamento,Com Vítimas Feridas,Anoitecer,Decrescente,Nublado,Dupla,Reta,Sim,4,0,2,0,2,0,2,4,"-7,1415","-34,8519",SR-PB,DEL14/1,UOP00/PB,
173281,2018-09-23,domingo,13:10:00,PB,230,"26,9",JOAO PESSOA,Falta de Atenção à Condução,Colisão com objeto estático,Com Vítimas Feridas,Pleno dia,Decrescente,Céu Claro,Dupla,Não Informado,Sim,3,0,1,0,1,1,1,2,"-7,16773746","-34,88542557",SR-PB,DEL14/1,UOP00/PB,
173414,2018-11-23,sexta-feira,14:50:00,PB,230,"18,4",JOAO PESSOA,Não guardar distância de segurança,Colisão traseira,Com Vítimas Feridas,Pleno dia,Decrescente,Sol,Dupla,Não Informado,Não,4,0,1,1,2,0,2,3,"-7,1198","-34,8453",SR-PB,DEL14/1,UOP00/PB,
173930,2018-11-25,domingo,16:30:00,PB,230,28,JOAO PESSOA,Falta de Atenção à Condução,Colisão lateral,Com Vítimas Feridas,Pleno dia,Decrescente,Céu Claro,Dupla,Interseção de vias,Sim,2,0,0,1,0,1,1,2,"-7,16522041","-34,89937132",SR-PB,DEL14/1,UOP00/PB,
174351,2018-11-27,terça-feira,09:30:00,PB,230,"19,9",JOAO PESSOA,Falta de Atenção à Condução,Colisão traseira,Com Vítimas Feridas,Pleno dia,Decrescente,Nublado,Dupla,Interseção de vias,Sim,2,0,0,1,1,0,1,2,"-7,13600009","-34,85434413",SR-PB,DEL14/1,UOP00/PB,
174448,2018-11-27,terça-feira,19:05:00,PB,230,28,JOAO PESSOA,Pista Escorregadia,Tombamento,Com Vítimas Feridas,Plena Noite,Decrescente,Chuva,Dupla,Viaduto,Sim,2,0,2,0,0,0,2,1,"-7,16629556","-34,89789074",SR-PB,DEL14/1,UOP00/PB,
174524,2018-11-28,quarta-feira,08:40:00,PB,230,"21,9",JOAO PESSOA,Não guardar distância de segurança,Engavetamento,Sem Vítimas,Pleno dia,Decrescente,Nublado,Dupla,Reta,Sim,4,0,0,0,4,0,0,4,"-7,1415","-34,8519",SR-PB,DEL14/1,UOP00/PB,
174600,2018-11-28,quarta-feira,17:40:00,PB,230,16,JOAO PESSOA,Não guardar distância de segurança,Colisão lateral,Com Vítimas Feridas,Anoitecer,Crescente,Nublado,Dupla,Reta,Sim,3,0,0,1,1,1,1,3,"-7,10694569","-34,8438496",SR-PB,DEL14/1,UOP00/PB,
174897,2018-11-30,sexta-feira,09:35:00,PB,101,"89,5",JOAO PESSOA,Não guardar distância de segurança,Colisão traseira,Com Vítimas Feridas,Pleno dia,Decrescente,Sol,Dupla,Reta,Sim,2,0,1,0,1,0,1,2,"-7,1784491","-34,89966544",SR-PB,DEL14/1,UOP01/PB,
174989,2018-11-30,sexta-feira,16:25:00,PB,230,"18,8",JOAO PESSOA,Não guardar distância de segurança,Engavetamento,Com Vítimas Feridas,Pleno dia,Decrescente,Céu Claro,Dupla,Reta,Não,6,0,1,0,4,1,1,4,"-7,1198","-34,8453",SR-PB,DEL14/1,UOP00/PB,
175801,2018-12-04,terça-feira,07:50:00,PB,230,26,JOAO PESSOA,Desobediência às normas de trânsito pelo condutor,Colisão transversal,Com Vítimas Feridas,Pleno dia,Crescente,Céu Claro,Múltipla,Interseção de vias,Sim,3,0,1,2,0,0,3,2,"-7,1693","-34,8782",SR-PB,DEL14/1,UOP00/PB,
175888,2018-12-04,terça-feira,19:10:00,PB,230,29,JOAO PESSOA,Desobediência às normas de trânsito pelo condutor,Colisão transversal,Com Vítimas Feridas,Plena Noite,Decrescente,Céu Claro,Dupla,Curva,Sim,2,0,0,1,1,0,1,2,"-7,1622","-34,9031",SR-PB,DEL14/1,UOP00/PB,
175974,2018-12-05,quarta-feira,07:00:00,PB,230,"16,5",JOAO PESSOA,Não guardar distância de segurança,Engavetamento,Com Vítimas Feridas,Pleno dia,Crescente,Céu Claro,Dupla,Reta,Sim,9,0,1,0,5,3,1,8,"-7,1039","-34,8458",SR-PB,DEL14/1,UOP00/PB,
176435,2018-12-07,sexta-feira,07:00:00,PB,230,29,JOAO PESSOA,Falta de Atenção à Condução,Colisão traseira,Com Vítimas Feridas,Pleno dia,Crescente,Céu Claro,Dupla,Reta,Sim,2,0,1,0,0,1,1,2,"-7,1622","-34,9031",SR-PB,DEL14/1,UOP00/PB,
176579,2018-03-15,quinta-feira,07:45:00,PB,230,24,JOAO PESSOA,Não guardar distância de segurança,Colisão traseira,Com Vítimas Feridas,Pleno dia,Decrescente,Céu Claro,Dupla,Não Informado,Sim,3,0,2,0,1,0,2,2,"-7,166362","-34,86329",SR-PB,DEL14/1,UOP00/PB,
177303,2018-12-10,segunda-feira,07:55:00,PB,230,29,JOAO PESSOA,Fenômenos da Natureza,Atropelamento de Pedestre,Com Vítimas Feridas,Pleno dia,Crescente,Nevoeiro/Neblina,Dupla,Reta,Sim,2,0,1,0,0,1,1,1,"-7,1622","-34,9031",SR-PB,DEL14/1,UOP00/PB,
177347,2018-12-11,terça-feira,06:10:00,PB,230,"18,3",JOAO PESSOA,Não guardar distância de segurança,Colisão traseira,Com Vítimas Feridas,Pleno dia,Decrescente,Céu Claro,Dupla,Curva,Sim,2,0,0,1,0,1,1,2,"-7,125677","-34,845135",SR-PB,DEL14/1,UOP00/PB,
177363,2018-12-11,terça-feira,10:40:00,PB,230,26,JOAO PESSOA,Falta de Atenção à Condução,Atropelamento de Pedestre,Com Vítimas Feridas,Pleno dia,Crescente,Céu Claro,Dupla,Reta,Sim,2,0,1,0,1,0,1,1,"-7,1693","-34,8782",SR-PB,DEL14/1,UOP00/PB,
177411,2018-12-11,terça-feira,15:05:00,PB,230,"19,8",JOAO PESSOA,Defeito Mecânico no Veículo,Colisão com objeto em movimento,Sem Vítimas,Pleno dia,Decrescente,Sol,Dupla,Reta,Sim,2,0,0,0,2,0,0,2,"-7,1281","-34,8466",SR-PB,DEL14/1,UOP00/PB,
177527,2018-12-12,quarta-feira,06:55:00,PB,230,"22,5",JOAO PESSOA,Não guardar distância de segurança,Colisão traseira,Com Vítimas Feridas,Pleno dia,Decrescente,Chuva,Dupla,Reta,Sim,2,0,1,0,0,1,1,2,"-7,1495","-34,8517",SR-PB,DEL14/1,UOP00/PB,
177562,2018-12-12,quarta-feira,12:40:00,PB,230,"14,8",JOAO PESSOA,Carga excessiva e/ou mal acondicionada,Colisão com objeto estático,Sem Vítimas,Pleno dia,Crescente,Nublado,Dupla,Não Informado,Não,1,0,0,0,0,1,0,1,"-7,11002731","-34,84300017",SR-PB,DEL14/1,UOP00/PB,
177597,2018-12-12,quarta-feira,14:45:00,PB,230,17,JOAO PESSOA,Ingestão de Álcool,Colisão traseira,Sem Vítimas,Pleno dia,Decrescente,Céu Claro,Dupla,Reta,Sim,2,0,0,0,2,0,0,2,"-7,1121","-34,8426",SR-PB,DEL14/1,UOP00/PB,
177758,2018-12-13,quinta-feira,07:30:00,PB,230,30,JOAO PESSOA,Falta de Atenção à Condução,Tombamento,Com Vítimas Feridas,Pleno dia,Decrescente,Céu Claro,Dupla,Não Informado,Não,1,0,1,0,0,0,1,1,"-7,1549","-34,9077",SR-PB,DEL14/1,UOP00/PB,
177776,2018-11-23,sexta-feira,09:00:00,PB,230,"22,2",JOAO PESSOA,Falta de Atenção à Condução,Engavetamento,Com Vítimas Feridas,Pleno dia,Decrescente,Céu Claro,Dupla,Reta,Sim,6,0,2,0,4,0,2,5,"-7,159556","-34,85934",SR-PB,DEL14/1,UOP00/PB,
177818,2018-12-13,quinta-feira,13:10:00,PB,230,"15,7",JOAO PESSOA,Desobediência às normas de trânsito pelo condutor,Queda de ocupante de veículo,Com Vítimas Feridas,Pleno dia,Decrescente,Sol,Dupla,Reta,Sim,1,0,0,1,0,0,1,1,"-7,1040082","-34,8455647",SR-PB,DEL14/1,UOP00/PB,
178144,2018-12-14,sexta-feira,19:20:00,PB,101,88,JOAO PESSOA,Falta de Atenção à Condução,Queda de ocupante de veículo,Com Vítimas Feridas,Plena Noite,Decrescente,Céu Claro,Múltipla,Reta,Sim,3,0,0,1,1,1,1,2,"-7,1716","-34,8978",SR-PB,DEL14/1,UOP00/PB,
178163,2018-12-14,sexta-feira,20:40:00,PB,230,27,JOAO PESSOA,Defeito Mecânico no Veículo,Queda de ocupante de veículo,Com Vítimas Feridas,Plena Noite,Crescente,Céu Claro,Dupla,Desvio Temporário,Sim,2,0,0,1,1,0,1,1,"-7,1677","-34,8855",SR-PB,DEL14/1,UOP00/PB,
178306,2018-12-15,sábado,13:23:00,PB,101,"86,1",JOAO PESSOA,Desobediência às normas de trânsito pelo condutor,Colisão traseira,Com Vítimas Feridas,Pleno dia,Crescente,Sol,Dupla,Desvio Temporário,Não,3,0,0,1,2,0,1,2,"-7,15176792","-34,90904868",SR-PB,DEL14/1,UOP00/PB,
178645,2018-12-16,domingo,18:45:00,PB,230,17,JOAO PESSOA,Falta de Atenção à Condução,Colisão lateral,Com Vítimas Feridas,Anoitecer,Crescente,Nublado,Dupla,Curva,Sim,2,0,1,0,1,0,1,2,"-7,1121","-34,8426",SR-PB,DEL14/1,UOP00/PB,
178737,2018-12-17,segunda-feira,00:20:00,PB,230,15,JOAO PESSOA,Velocidade Incompatível,Saída de leito carroçável,Sem Vítimas,Plena Noite,Decrescente,Chuva,Dupla,Não Informado,Sim,1,0,0,0,1,0,0,1,"-7,093","-34,8482",SR-PB,DEL14/1,UOP00/PB,
178809,2018-12-17,segunda-feira,09:00:00,PB,230,"23,8",JOAO PESSOA,Não guardar distância de segurança,Colisão traseira,Com Vítimas Feridas,Pleno dia,Decrescente,Céu Claro,Dupla,Reta,Sim,2,0,1,0,0,1,1,2,"-7,1562","-34,8574",SR-PB,DEL14/1,UOP00/PB,
178900,2018-12-17,segunda-feira,17:37:00,PB,101,88,JOAO PESSOA,Falta de Atenção à Condução,Colisão transversal,Com Vítimas Feridas,Pleno dia,Crescente,Garoa/Chuvisco,Dupla,Não Informado,Sim,3,0,2,0,1,0,2,2,"-7,1716","-34,8978",SR-PB,DEL14/1,UOP00/PB,
178967,2018-12-18,terça-feira,02:30:00,PB,230,20,JOAO PESSOA,Falta de Atenção à Condução,Colisão com objeto estático,Sem Vítimas,Amanhecer,Crescente,Céu Claro,Dupla,Curva,Sim,1,0,0,0,0,1,0,1,"-7,1337","-34,8544",SR-PB,DEL14/1,UOP00/PB,
179088,2018-12-18,terça-feira,17:30:00,PB,101,"84,5",JOAO PESSOA,Falta de Atenção à Condução,Tombamento,Com Vítimas Feridas,Anoitecer,Crescente,Nublado,Dupla,Reta,Sim,2,0,1,1,0,0,2,1,"-7,14404109","-34,91791964",SR-PB,DEL14/1,UOP00/PB,
179200,2018-12-19,quarta-feira,07:40:00,PB,230,"24,6",JOAO PESSOA,Falta de Atenção à Condução,Colisão lateral,Com Vítimas Feridas,Pleno dia,Decrescente,Céu Claro,Dupla,Curva,Sim,3,0,1,0,2,0,1,2,"-7,1637","-34,8618",SR-PB,DEL14/1,UOP00/PB,
179455,2018-12-20,quinta-feira,10:00:00,PB,230,"17,5",JOAO PESSOA,Velocidade Incompatível,Engavetamento,Com Vítimas Feridas,Pleno dia,Decrescente,Céu Claro,Dupla,Reta,Não,8,0,1,1,5,1,2,6,"-7,12497985","-34,84521568",SR-PB,DEL14/1,UOP00/PB,
179510,2018-12-15,sábado,09:30:00,PB,230,17,JOAO PESSOA,Falta de Atenção à Condução,Engavetamento,Com Vítimas Feridas,Pleno dia,Decrescente,Céu Claro,Dupla,Reta,Sim,6,0,3,0,3,0,3,4,"-7,1121","-34,8426",SR-PB,DEL14/1,UOP00/PB,
179619,2018-12-20,quinta-feira,22:00:00,PB,230,"19,4",JOAO PESSOA,Restrição de Visibilidade,Atropelamento de Pedestre,Com Vítimas Fatais,Plena Noite,Crescente,Nublado,Dupla,Curva,Sim,2,1,0,0,1,0,0,1,"-7,1281","-34,8466",SR-PB,DEL14/1,UOP00/PB,
179978,2018-12-22,sábado,06:10:00,PB,230,"27,1",JOAO PESSOA,Falta de Atenção à Condução,Queda de ocupante de veículo,Com Vítimas Feridas,Pleno dia,Crescente,Garoa/Chuvisco,Simples,Curva,Não,1,0,1,0,0,0,1,1,"-7,16566168","-34,89484191",SR-PB,DEL14/1,UOP00/PB,
180384,2018-11-21,quarta-feira,18:25:00,PB,230,"24,2",JOAO PESSOA,Falta de Atenção à Condução,Colisão lateral,Com Vítimas Feridas,Plena Noite,Decrescente,Chuva,Dupla,Desvio Temporário,Sim,3,0,1,0,1,1,1,2,"-7,1637","-34,8618",SR-PB,DEL14/1,UOP00/PB,
180728,2018-12-24,segunda-feira,19:50:00,PB,101,"88,9",JOAO PESSOA,Falta de Atenção à Condução,Colisão com objeto estático,Sem Vítimas,Plena Noite,Decrescente,Céu Claro,Dupla,Reta,Sim,1,0,0,0,1,0,0,1,"-7,1716","-34,8978",SR-PB,DEL14/1,UOP00/PB,
180920,2018-12-25,terça-feira,18:20:00,PB,101,"88,7",JOAO PESSOA,Ingestão de Álcool,Colisão lateral,Sem Vítimas,Plena Noite,Decrescente,Céu Claro,Dupla,Reta,Sim,2,0,0,0,2,0,0,2,"-7,167547","-34,896575",SR-PB,DEL14/1,UOP00/PB,
181499,2018-12-28,sexta-feira,11:30:00,PB,230,17,JOAO PESSOA,Desobediência às normas de trânsito pelo condutor,Colisão traseira,Sem Vítimas,Pleno dia,Crescente,Céu Claro,Dupla,Não Informado,Sim,3,0,0,0,3,0,0,3,"-7,11604245","-34,84214187",SR-PB,DEL14/1,UOP00/PB,
181758,2018-12-29,sábado,15:00:00,PB,101,"87,1",JOAO PESSOA,Desobediência às normas de trânsito pelo condutor,Engavetamento,Com Vítimas Feridas,Pleno dia,Crescente,Sol,Dupla,Reta,Sim,15,0,1,0,6,8,1,5,"-7,1645","-34,8962",SR-PB,DEL14/1,UOP00/PB,
181961,2018-12-30,domingo,13:30:00,PB,230,22,JOAO PESSOA,Velocidade Incompatível,Colisão traseira,Com Vítimas Feridas,Pleno dia,Decrescente,Sol,Dupla,Reta,Sim,2,0,1,0,1,0,1,2,"-7,1495","-34,8517",SR-PB,DEL14/1,UOP00/PB,
181962,2018-12-30,domingo,13:40:00,PB,230,23,JOAO PESSOA,Não guardar distância de segurança,Colisão traseira,Com Vítimas Feridas,Pleno dia,Decrescente,Céu Claro,Dupla,Reta,Sim,2,0,1,0,1,0,1,2,"-7,1562","-34,8574",SR-PB,DEL14/1,UOP00/PB,
183341,2018-04-01,domingo,15:20:00,PB,101,"90,5",JOAO PESSOA,Avarias e/ou desgaste excessivo no pneu,Saída de leito carroçável,Com Vítimas Feridas,Pleno dia,Crescente,Chuva,Dupla,Não Informado,Não,1,0,1,0,0,0,1,1,"-7,18961239","-34,90361273",SR-PB,DEL14/1,UOP01/PB,
187004,2018-12-18,terça-feira,21:00:00,PB,230,22,JOAO PESSOA,Falta de Atenção à Condução,Tombamento,Com Vítimas Feridas,Plena Noite,Crescente,Céu Claro,Dupla,Reta,Sim,1,0,1,0,0,0,1,1,"-7,1495","-34,8517",SR-PB,DEL14/1,UOP00/PB,
187163,2018-12-19,quarta-feira,07:00:00,PB,230,"20,8",JOAO PESSOA,Falta de Atenção à Condução,Colisão lateral,Com Vítimas Feridas,Pleno dia,Decrescente,Céu Claro,Dupla,Reta,Sim,3,0,2,0,1,0,2,2,"-7,1337","-34,8544",SR-PB,DEL14/1,UOP00/PB,
187938,2018-12-26,quarta-feira,07:50:00,PB,230,21,JOAO PESSOA,Falta de Atenção à Condução,Colisão lateral,Com Vítimas Feridas,Pleno dia,Decrescente,Céu Claro,Dupla,Reta,Não,3,0,1,0,1,1,1,2,"-7,1415","-34,8519",SR-PB,DEL14/1,UOP00/PB,
187977,2018-12-30,domingo,07:15:00,PB,101,"86,2",JOAO PESSOA,Velocidade Incompatível,Tombamento,Com Vítimas Feridas,Pleno dia,Crescente,Céu Claro,Dupla,Reta,Sim,1,0,1,0,0,0,1,1,"-7,1617","-34,9037",SR-PB,DEL14/1,UOP00/PB,
199602,2018-09-13,quinta-feira,08:00:00,PB,230,"17,8",JOAO PESSOA,Não guardar distância de segurança,Engavetamento,Sem Vítimas,Pleno dia,Crescente,Céu Claro,Dupla,Reta,Sim,3,0,0,0,3,0,0,3,"-7,120051","-34,845216",SR-PB,DEL14/1,UOP00/PB,
208158,2018-07-01,domingo,15:45:00,PB,230,"29,5",JOAO PESSOA,Agressão Externa,Incêndio,Com Vítimas Feridas,Pleno dia,Decrescente,Céu Claro,Dupla,Reta,Sim,1,0,0,1,0,0,1,1,"-7,1572946","-34,90693331",SR-PB,DEL14/1,UOP00/PB,
231492,2018-12-03,segunda-feira,04:00:00,PB,230,"23,9",JOAO PESSOA,Falta de Atenção à Condução,Colisão traseira,Com Vítimas Feridas,Plena Noite,Decrescente,Nublado,Dupla,Reta,Sim,2,0,2,0,0,0,2,2,"-7,1562","-34,8574",SR-PB,DEL14/1,UOP00/PB,