id,data_inversa,dia_semana,horario,uf,br,km,municipio,causa_acidente,tipo_acidente,classificacao_acidente,fase_dia,sentido_via,condicao_metereologica,tipo_pista,tracado_via,uso_solo,pessoas,mortos,feridos_leves,feridos_graves,ilesos,ignorados,feridos,veiculos,latitude,longitude,regional,delegacia,uop,geometry
198596,2019-03-22,sexta-feira,18:50:00,PB,230,"20,1",JOAO PESSOA,Ingestão de Álcool,Colisão traseira,Sem Vítimas,Plena Noite,Crescente,Céu Claro,Dupla,Não Informado,Sim,4,0,0,0,4,0,0,4,"-7,1337","-34,8544",SR-PB,DEL14/1,UOP00/PB,
198709,2019-03-23,sábado,06:00:00,PB,230,17,JOAO PESSOA,Falta de Atenção à Condução,Colisão traseira,Sem Vítimas,Pleno dia,Crescente,Céu Claro,Dupla,Reta,Sim,2,0,0,0,0,2,0,2,"-7,1121","-34,8426",SR-PB,DEL14/1,UOP00/PB,
199034,2019-03-24,domingo,17:35:00,PB,101,"86,8",JOAO PESSOA,Ingestão de Álcool,Saída de leito carroçável,Com Vítimas Feridas,Anoitecer,Decrescente,Céu Claro,Dupla,Reta,Sim,2,0,1,1,0,0,2,1,"-7,15119","-34,91012",SR-PB,DEL14/1,UOP00/PB,
199169,2019-03-25,segunda-feira,07:20:00,PB,230,19,JOAO PESSOA,Falta de Atenção à Condução,Tombamento,Com Vítimas Feridas,Pleno dia,Crescente,Céu Claro,Dupla,Reta,Sim,1,0,1,0,0,0,1,1,"-7,1281","-34,8466",SR-PB,DEL14/1,UOP00/PB,
199172,2019-03-25,segunda-feira,07:50:00,PB,230,22,JOAO PESSOA,Não guardar distância de segurança,Colisão lateral,Com Vítimas Feridas,Pleno dia,Decrescente,Sol,Dupla,Reta,Sim,2,0,1,0,0,1,1,2,"-7,1495","-34,8517",SR-PB,DEL14/1,UOP00/PB,
199191,2019-03-25,segunda-feira,10:40:00,PB,230,"16,9",JOAO PESSOA,Falta de Atenção à Condução,Colisão traseira,Sem Vítimas,Pleno dia,Decrescente,Céu Claro,Dupla,Reta,Sim,2,0,0,0,2,0,0,2,"-7,1039","-34,8458",SR-PB,DEL14/1,UOP00/PB,
199201,2019-03-25,segunda-feira,12:10:00,PB,230,23,JOAO PESSOA,Ingestão de Álcool,Colisão traseira,Sem Vítimas,Pleno dia,Decrescente,Céu Claro,Dupla,Desvio Temporário,Sim,2,0,0,0,2,0,0,2,"-7,1562","-34,8574",SR-PB,DEL14/1,UOP00/PB,
199741,2019-01-06,domingo,18:30:00,PB,230,27,JOAO PESSOA,Restrição de Visibilidade,Atropelamento de Pedestre,Com Vítimas Feridas,Plena Noite,Crescente,Céu Claro,Dupla,Reta,Sim,2,0,0,1,0,1,1,1,"-7,1677","-34,8855",SR-PB,DEL14/1,UOP00/PB,
199941,2019-03-29,sexta-feira,18:50:00,PB,230,"26,2",JOAO PESSOA,Não guardar distância de segurança,Colisão traseira,Com Vítimas Feridas,Plena Noite,Crescente,Nublado,Dupla,Reta,Sim,2,0,1,0,1,0,1,2,"-7,1693","-34,8782",SR-PB,DEL14/1,UOP00/PB,
200023,2019-03-30,sábado,03:20:00,PB,230,22,JOAO PESSOA,Falta de Atenção à Condução,Queda de ocupante de veículo,Com Vítimas Feridas,Plena Noite,Crescente,Garoa/Chuvisco,Dupla,Reta,Não,1,0,1,0,0,0,1,1,"-7,1495","-34,8517",SR-PB,DEL14/1,UOP01/PB,
200132,2019-03-30,sábado,06:30:00,PB,230,21,JOAO PESSOA,Avarias e/ou desgaste excessivo no pneu,Queda de ocupante de veículo,Com Vítimas Feridas,Pleno dia,Decrescente,Sol,Dupla,Reta,Sim,2,0,0,1,0,1,1,1,"-7,1415","-34,8519",SR-PB,DEL14/1,UOP01/PB,
200284,2019-03-31,domingo,04:10:00,PB,230,19,JOAO PESSOA,Velocidade Incompatível,Colisão com objeto estático,Com Vítimas Feridas,Plena Noite,Decrescente,Chuva,Dupla,Curva,Sim,1,0,1,0,0,0,1,1,"-7,12885","-34,84912",SR-PB,DEL14/1,UOP00/PB,
200507,2019-04-01,segunda-feira,07:30:00,PB,230,"23,1",JOAO PESSOA,Não guardar distância de segurança,Colisão traseira,Com Vítimas Feridas,Pleno dia,Decrescente,Chuva,Dupla,Reta,Sim,2,0,0,1,1,0,1,2,"-7,1562","-34,8574",SR-PB,DEL14/1,UOP00/PB,
200517,2019-04-01,segunda-feira,07:45:00,PB,230,26,JOAO PESSOA,Falta de Atenção à Condução,Colisão traseira,Com Vítimas Feridas,Pleno dia,Decrescente,Chuva,Dupla,Reta,Sim,2,0,1,0,1,0,1,2,"-7,1693","-34,8782",SR-PB,DEL14/1,UOP01/PB,
200862,2019-04-03,quarta-feira,07:45:00,PB,230,23,JOAO PESSOA,Velocidade Incompatível,Colisão traseira,Com Vítimas Feridas,Pleno dia,Decrescente,Sol,Dupla,Reta,Sim,2,0,2,0,0,0,2,2,"-7,158317","-34,85832",SR-PB,DEL14/1,UOP01/PB,
200957,2019-04-03,quarta-feira,18:20:00,PB,230,26,JOAO PESSOA,Ingestão de Álcool,Colisão lateral,Com Vítimas Feridas,Plena Noite,Crescente,Nublado,Múltipla,Reta,Sim,3,0,2,0,1,0,2,2,"-7,1693","-34,8782",SR-PB,DEL14/1,UOP01/PB,
201040,2019-04-04,quinta-feira,07:20:00,PB,230,23,JOAO PESSOA,Defeito Mecânico no Veículo,Colisão traseira,Sem Vítimas,Pleno dia,Decrescente,Sol,Dupla,Reta,Sim,2,0,0,0,2,0,0,2,"-7,1562","-34,8574",SR-PB,DEL14/1,UOP01/PB,
201090,2019-04-04,quinta-feira,12:50:00,PB,101,"89,9",JOAO PESSOA,Desobediência às normas de trânsito pelo condutor,Colisão transversal,Com Vítimas Feridas,Pleno dia,Crescente,Sol,Dupla,Retorno Regulamentado,Sim,2,0,0,1,1,0,1,2,"-7,177965","-34,89986",SR-PB,DEL14/1,UOP01/PB,
201497,2019-04-06,sábado,07:15:00,PB,230,31,JOAO PESSOA,Condutor Dormindo,Colisão lateral,Sem Vítimas,Pleno dia,Crescente,Chuva,Dupla,Reta,Não,2,0,0,0,1,1,0,2,"-7,1484","-34,9129",SR-PB,DEL14/1,UOP01/PB,
202030,2019-04-08,segunda-feira,09:30:00,PB,230,20,JOAO PESSOA,Falta de Atenção à Condução,Colisão lateral,Sem Vítimas,Pleno dia,Crescente,Céu Claro,Dupla,Reta,Sim,2,0,0,0,2,0,0,2,"-7,1337","-34,8544",SR-PB,DEL14/1,UOP01/PB,
202172,2019-04-08,segunda-feira,23:10:00,PB,230,"25,9",JOAO PESSOA,Falta de Atenção à Condução,Colisão com objeto estático,Com Vítimas Feridas,Plena Noite,Decrescente,Céu Claro,Dupla,Reta,Sim,1,0,1,0,0,0,1,1,"-7,169148","-34,88039",SR-PB,DEL14/1,UOP01/PB,
202325,2019-04-09,terça-feira,21:30:00,PB,230,"23,5",JOAO PESSOA,Não guardar distância de segurança,Colisão lateral,Com Vítimas Feridas,Plena Noite,Crescente,Vento,Dupla,Reta,Sim,3,0,2,0,1,0,2,2,"-7,1562","-34,8574",SR-PB,DEL14/1,UOP01/PB,
202550,2019-04-11,quinta-feira,08:20:00,PB,230,"20,2",JOAO PESSOA,Falta de Atenção à Condução,Colisão traseira,Sem Vítimas,Pleno dia,Decrescente,Céu Claro,Dupla,Reta,Não,2,0,0,0,2,0,0,2,"-7,1337","-34,8544",SR-PB,DEL14/1,UOP01/PB,
202835,2019-04-12,sexta-feira,17:25:00,PB,230,14,JOAO PESSOA,Falta de Atenção à Condução,Colisão traseira,Com Vítimas Feridas,Anoitecer,Decrescente,Nublado,Dupla,Viaduto,Sim,3,0,1,0,2,0,1,2,"-7,0844","-34,8488",SR-PB,DEL14/1,UOP01/PB,
202852,2019-04-12,sexta-feira,19:00:00,PB,230,14,JOAO PESSOA,Não guardar distância de segurança,Engavetamento,Sem Vítimas,Plena Noite,Decrescente,Nublado,Dupla,Não Informado,Sim,3,0,0,0,3,0,0,3,"-7,0844","-34,8488",SR-PB,DEL14/1,UOP01/PB,
203160,2019-04-14,domingo,03:35:00,PB,230,"29,5",JOAO PESSOA,Falta de Atenção do Pedestre,Atropelamento de Pedestre,Com Vítimas Feridas,Plena Noite,Decrescente,Nublado,Dupla,Reta,Sim,2,0,0,1,1,0,1,1,"-7,1622","-34,9031",SR-PB,DEL14/1,UOP01/PB,
203249,2019-04-14,domingo,12:25:00,PB,101,93,JOAO PESSOA,Falta de Atenção à Condução,Colisão com objeto estático,Com Vítimas Feridas,Pleno dia,Crescente,Céu Claro,Dupla,Retorno Regulamentado,Sim,1,0,1,0,0,0,1,1,"-7,205825","-34,90879",SR-PB,DEL14/1,UOP01/PB,
203412,2019-04-15,segunda-feira,07:10:00,PB,230,23,JOAO PESSOA,Desobediência às normas de trânsito pelo condutor,Colisão lateral,Com Vítimas Feridas,Pleno dia,Decrescente,Céu Claro,Dupla,Reta,Não,2,0,2,0,0,0,2,2,"-7,1562","-34,8574",SR-PB,DEL14/1,UOP01/PB,
203727,2019-04-16,terça-feira,20:55:00,PB,101,89,JOAO PESSOA,Desobediência às normas de trânsito pelo condutor,Colisão frontal,Com Vítimas Feridas,Plena Noite,Decrescente,Céu Claro,Dupla,Reta,Sim,2,0,1,0,1,0,1,2,"-7,171069","-34,89765",SR-PB,DEL14/1,UOP01/PB,
203788,2019-04-17,quarta-feira,07:56:00,PB,230,"22,7",JOAO PESSOA,Não guardar distância de segurança,Engavetamento,Com Vítimas Feridas,Pleno dia,Decrescente,Céu Claro,Dupla,Reta,Sim,4,0,2,0,2,0,2,4,"-7,1495","-34,8517",SR-PB,DEL14/1,UOP01/PB,
204439,2019-04-20,sábado,10:00:00,PB,230,"28,1",JOAO PESSOA,Fenômenos da Natureza,Colisão com objeto estático,Com Vítimas Feridas,Pleno dia,Decrescente,Chuva,Dupla,Viaduto,Não,2,0,2,0,0,0,2,1,"-7,1651","-34,8941",SR-PB,DEL14/1,UOP01/PB,
204447,2019-04-20,sábado,09:30:00,PB,230,28,JOAO PESSOA,Falta de Atenção à Condução,Colisão transversal,Com Vítimas Feridas,Pleno dia,Decrescente,Chuva,Dupla,Reta,Sim,2,0,1,0,1,0,1,2,"-7,1651","-34,8941",SR-PB,DEL14/1,UOP01/PB,
205126,2019-04-23,terça-feira,08:45:00,PB,230,"19,1",JOAO PESSOA,Desobediência às normas de trânsito pelo condutor,Colisão lateral,Com Vítimas Feridas,Pleno dia,Decrescente,Sol,Dupla,Curva,Sim,2,0,1,0,0,1,1,2,"-7,1281","-34,8466",SR-PB,DEL14/1,UOP01/PB,
205170,2019-04-23,terça-feira,16:45:00,PB,101,92,JOAO PESSOA,Falta de Atenção do Pedestre,Atropelamento de Pedestre,Com Vítimas Feridas,Anoitecer,Crescente,Céu Claro,Dupla,Não Informado,Sim,2,0,0,1,1,0,1,1,"-7,196838","-34,90588",SR-PB,DEL14/1,UOP01/PB,
205280,2019-04-24,quarta-feira,09:05:00,PB,230,"27,6",JOAO PESSOA,Falta de Atenção à Condução,Colisão lateral,Com Vítimas Feridas,Pleno dia,Decrescente,Sol,Dupla,Não Informado,Sim,2,0,1,0,1,0,1,2,"-7,1677","-34,8855",SR-PB,DEL14/1,UOP01/PB,
205441,2019-04-25,quinta-feira,07:50:00,PB,230,25,JOAO PESSOA,Não guardar distância de segurança,Tombamento,Com Vítimas Feridas,Pleno dia,Decrescente,Chuva,Múltipla,Não Informado,Sim,1,0,0,1,0,0,1,1,"-7,1707","-34,8684",SR-PB,DEL14/1,UOP01/PB,
205647,2019-04-26,sexta-feira,11:10:00,PB,101,90,JOAO PESSOA,Falta de Atenção à Condução,Colisão lateral,Com Vítimas Feridas,Pleno dia,Crescente,Céu Claro,Dupla,Reta,Sim,3,0,2,0,1,0,2,2,"-7,179652","-34,90042",SR-PB,DEL14/1,UOP01/PB,
205656,2019-04-26,sexta-feira,12:42:00,PB,101,"90,5",JOAO PESSOA,Falta de Atenção à Condução,Colisão transversal,Com Vítimas Feridas,Pleno dia,Crescente,Céu Claro,Dupla,Reta,Sim,2,0,1,0,1,0,1,2,"-7,179652","-34,90042",SR-PB,DEL14/1,UOP01/PB,
205698,2019-04-26,sexta-feira,16:30:00,PB,230,"20,5",JOAO PESSOA,Falta de Atenção à Condução,Engavetamento,Sem Vítimas,Pleno dia,Crescente,Céu Claro,Dupla,Reta,Sim,6,0,0,0,6,0,0,6,"-7,13775","-34,85347",SR-PB,DEL14/1,UOP01/PB,
205856,2019-04-27,sábado,10:30:00,PB,230,15,JOAO PESSOA,Avarias e/ou desgaste excessivo no pneu,Colisão com objeto estático,Sem Vítimas,Pleno dia,Decrescente,Céu Claro,Dupla,Curva,Não,1,0,0,0,0,1,0,1,"-7,093","-34,8482",SR-PB,DEL14/1,UOP01/PB,
205884,2019-02-26,terça-feira,09:48:00,PB,101,"85,7",JOAO PESSOA,Velocidade Incompatível,Saída de leito carroçável,Com Vítimas Feridas,Pleno dia,Decrescente,Céu Claro,Dupla,Curva,Sim,1,0,1,0,0,0,1,1,"-7,1548","-34,9077",SR-PB,DEL14/1,UOP00/PB,
206263,2019-04-29,segunda-feira,12:00:00,PB,230,"17,1",JOAO PESSOA,Não guardar distância de segurança,Engavetamento,Com Vítimas Feridas,Pleno dia,Crescente,Sol,Dupla,Reta,Sim,4,0,1,0,3,0,1,4,"-7,113588","-34,84226",SR-PB,DEL14/1,UOP01/PB,
206278,2019-04-29,segunda-feira,14:05:00,PB,230,"26,9",JOAO PESSOA,Não guardar distância de segurança,Engavetamento,Com Vítimas Feridas,Pleno dia,Crescente,Céu Claro,Dupla,Reta,Sim,3,0,1,0,2,0,1,3,"-7,1693","-34,8782",SR-PB,DEL14/1,UOP01/PB,
206668,2019-05-01,quarta-feira,17:30:00,PB,101,"89,5",JOAO PESSOA,Desobediência às normas de trânsito pelo condutor,Colisão transversal,Com Vítimas Feridas,Anoitecer,Crescente,Céu Claro,Dupla,Não Informado,Sim,2,0,1,0,0,1,1,2,"-7,180229","-34,90058",SR-PB,DEL14/1,UOP01/PB,
207380,2019-05-05,domingo,04:00:00,PB,101,"92,4",JOAO PESSOA,Defeito na Via,Colisão com objeto estático,Com Vítimas Feridas,Plena Noite,Decrescente,Chuva,Dupla,Não Informado,Sim,2,0,2,0,0,0,2,1,"-7,2039","-34,90803",SR-PB,DEL14/1,UOP01/PB,
207667,2019-05-06,segunda-feira,16:00:00,PB,230,20,JOAO PESSOA,Falta de Atenção à Condução,Queda de ocupante de veículo,Com Vítimas Feridas,Pleno dia,Decrescente,Céu Claro,Dupla,Reta,Sim,1,0,1,0,0,0,1,1,"-7,1337","-34,8544",SR-PB,DEL14/1,UOP01/PB,
207688,2019-05-06,segunda-feira,18:10:00,PB,230,"28,9",JOAO PESSOA,Falta de Atenção do Pedestre,Atropelamento de Pedestre,Com Vítimas Fatais,Plena Noite,Decrescente,Céu Claro,Dupla,Reta,Sim,2,1,0,0,1,0,0,1,"-7,162633","-34,90262",SR-PB,DEL14/1,UOP01/PB,
207716,2019-04-26,sexta-feira,14:30:00,PB,230,"21,8",JOAO PESSOA,Falta de Atenção à Condução,Engavetamento,Com Vítimas Feridas,Pleno dia,Decrescente,Céu Claro,Dupla,Reta,Sim,5,0,2,2,1,0,4,4,"-7,151722","-34,85347",SR-PB,DEL14/1,UOP01/PB,
208016,2019-04-16,terça-feira,07:33:00,PB,230,"21,2",JOAO PESSOA,Não guardar distância de segurança,Colisão traseira,Com Vítimas Feridas,Pleno dia,Decrescente,Céu Claro,Dupla,Reta,Não,2,0,1,0,1,0,1,2,"-7,1415","-34,8519",SR-PB,DEL14/1,UOP01/PB,
208053,2019-05-08,quarta-feira,19:10:00,PB,230,28,JOAO PESSOA,Falta de Atenção à Condução,Colisão transversal,Com Vítimas Feridas,Plena Noite,Decrescente,Céu Claro,Dupla,Reta,Sim,2,0,2,0,0,0,2,2,"-7,1651","-34,8941",SR-PB,DEL14/1,UOP01/PB,
208122,2019-05-09,quinta-feira,07:30:00,PB,230,"25,9",JOAO PESSOA,Falta de Atenção à Condução,Colisão traseira,Sem Vítimas,Pleno dia,Crescente,Chuva,Dupla,Não Informado,Sim,2,0,0,0,1,1,0,2,"-7,1707","-34,8684",SR-PB,DEL14/1,UOP01/PB,
208215,2019-05-09,quinta-feira,17:30:00,PB,230,"21,3",JOAO PESSOA,Desobediência às normas de trânsito pelo condutor,Colisão lateral,Com Vítimas Feridas,Anoitecer,Crescente,Céu Claro,Dupla,Reta,Não,4,0,3,0,1,0,3,2,"-7,1415","-34,8519",SR-PB,DEL14/1,UOP01/PB,
208481,2019-05-10,sexta-feira,20:15:00,PB,230,24,JOAO PESSOA,Desobediência às normas de trânsito pelo pedestre,Atropelamento de Pedestre,Com Vítimas Feridas,Plena Noite,Crescente,Céu Claro,Dupla,Reta,Sim,2,0,0,2,0,0,2,1,"-7,1637","-34,8618",SR-PB,DEL14/1,UOP01/PB,
208893,2019-05-12,domingo,09:05:00,PB,101,87,JOAO PESSOA,Falta de Atenção à Condução,Colisão traseira,Com Vítimas Feridas,Pleno dia,Decrescente,Céu Claro,Dupla,Não Informado,Sim,2,0,1,0,1,0,1,2,"-7,158868","-34,90629",SR-PB,DEL14/1,UOP01/PB,
209131,2019-05-12,domingo,21:40:00,PB,230,22,JOAO PESSOA,Falta de Atenção à Condução,Colisão traseira,Com Vítimas Fatais,Plena Noite,Decrescente,Céu Claro,Dupla,Reta,Sim,2,1,0,0,1,0,0,2,"-7,1495","-34,8517",SR-PB,DEL14/1,UOP01/PB,
209233,2019-05-13,segunda-feira,07:25:00,PB,230,23,JOAO PESSOA,Não guardar distância de segurança,Colisão traseira,Sem Vítimas,Pleno dia,Decrescente,Céu Claro,Dupla,Viaduto,Sim,3,0,0,0,3,0,0,3,"-7,1562","-34,8574",SR-PB,DEL14/1,UOP01/PB,
209382,2019-05-13,segunda-feira,20:45:00,PB,230,29,JOAO PESSOA,Desobediência às normas de trânsito pelo condutor,Colisão traseira,Sem Vítimas,Pleno dia,Decrescente,Céu Claro,Dupla,Não Informado,Sim,2,0,0,0,1,1,0,2,"-7,1622","-34,9031",SR-PB,DEL14/1,UOP01/PB,
209465,2019-05-14,terça-feira,10:30:00,PB,230,28,JOAO PESSOA,Falta de Atenção à Condução,Saída de leito carroçável,Com Vítimas Feridas,Pleno dia,Crescente,Céu Claro,Dupla,Curva,Sim,1,0,1,0,0,0,1,1,"-7,1651","-34,8941",SR-PB,DEL14/1,UOP01/PB,
209540,2019-05-14,terça-feira,18:25:00,PB,230,"18,2",JOAO PESSOA,Desobediência às normas de trânsito pelo condutor,Colisão traseira,Com Vítimas Feridas,Plena Noite,Decrescente,Céu Claro,Dupla,Não Informado,Sim,4,0,3,0,0,1,3,4,"-7,1198","-34,8453",SR-PB,DEL14/1,UOP01/PB,
210102,2019-05-17,sexta-feira,17:10:00,PB,101,80,JOAO PESSOA,Velocidade Incompatível,Saída de leito carroçável,Com Vítimas Feridas,Anoitecer,Crescente,Céu Claro,Dupla,Reta,Sim,1,0,1,0,0,0,1,1,"-7,117537","-34,94951",SR-PB,DEL14/1,UOP03/PB,
210410,2019-05-19,domingo,01:30:00,PB,101,"88,4",JOAO PESSOA,Falta de Atenção do Pedestre,Atropelamento de Pedestre,Com Vítimas Fatais,Plena Noite,Crescente,Céu Claro,Dupla,Reta,Sim,2,1,0,0,0,1,0,1,"-7,1647","-34,89994",SR-PB,DEL14/1,UOP01/PB,
210647,2019-05-20,segunda-feira,06:30:00,PB,230,"22,2",JOAO PESSOA,Falta de Atenção à Condução,Queda de ocupante de veículo,Com Vítimas Feridas,Pleno dia,Decrescente,Chuva,Dupla,Reta,Sim,2,0,2,0,0,0,2,1,"-7,1495","-34,8517",SR-PB,DEL14/1,UOP01/PB,
211198,2019-05-23,quinta-feira,07:20:00,PB,230,16,JOAO PESSOA,Não guardar distância de segurança,Colisão traseira,Com Vítimas Feridas,Pleno dia,Crescente,Céu Claro,Dupla,Reta,Sim,2,0,1,0,1,0,1,2,"-7,1039","-34,8458",SR-PB,DEL14/1,UOP01/PB,
211252,2019-05-23,quinta-feira,14:15:00,PB,230,"18,1",JOAO PESSOA,Não guardar distância de segurança,Colisão traseira,Com Vítimas Feridas,Pleno dia,Decrescente,Céu Claro,Dupla,Reta,Sim,2,0,1,0,1,0,1,2,"-7,1198","-34,8453",SR-PB,DEL14/1,UOP01/PB,
211418,2019-05-24,sexta-feira,05:55:00,PB,230,25,JOAO PESSOA,Não guardar distância de segurança,Colisão traseira,Com Vítimas Feridas,Pleno dia,Decrescente,Nublado,Dupla,Reta,Sim,2,0,0,1,1,0,1,2,"-7,1707","-34,8684",SR-PB,DEL14/1,UOP01/PB,
211749,2019-05-25,sábado,23:20:00,PB,101,"88,8",JOAO PESSOA,Ingestão de Álcool,Colisão com objeto estático,Sem Vítimas,Plena Noite,Crescente,Chuva,Dupla,Reta,Sim,2,0,0,0,0,2,0,2,"-7,170047","-34,89726",SR-PB,DEL14/1,UOP01/PB,
212155,2019-05-28,terça-feira,07:20:00,PB,101,"90,1",JOAO PESSOA,Falta de Atenção à Condução,Colisão transversal,Com Vítimas Feridas,Pleno dia,Crescente,Nublado,Dupla,Retorno Regulamentado,Sim,3,0,0,1,1,1,1,2,"-7,18122","-34,90083",SR-PB,DEL14/1,UOP01/PB,
212335,2019-05-29,quarta-feira,07:10:00,PB,101,"88,9",JOAO PESSOA,Falta de Atenção à Condução,Colisão transversal,Com Vítimas Feridas,Pleno dia,Crescente,Sol,Dupla,Retorno Regulamentado,Sim,2,0,0,1,1,0,1,2,"-7,181224","-34,90096",SR-PB,DEL14/1,UOP01/PB,
212351,2019-05-29,quarta-feira,09:30:00,PB,230,23,JOAO PESSOA,Desobediência às normas de trânsito pelo pedestre,Atropelamento de Pedestre,Com Vítimas Feridas,Pleno dia,Decrescente,Céu Claro,Dupla,Reta,Sim,3,0,2,1,0,0,3,1,"-7,168131","-34,86434",SR-PB,DEL14/1,UOP01/PB,
212469,2019-05-30,quinta-feira,04:00:00,PB,230,"17,8",JOAO PESSOA,Ingestão de Álcool,Colisão com objeto estático,Sem Vítimas,Amanhecer,Crescente,Chuva,Dupla,Reta,Sim,1,0,0,0,1,0,0,1,"-7,1121","-34,8426",SR-PB,DEL14/1,UOP01/PB,
212512,2019-05-30,quinta-feira,09:35:00,PB,230,28,JOAO PESSOA,Não guardar distância de segurança,Colisão traseira,Com Vítimas Feridas,Pleno dia,Crescente,Céu Claro,Dupla,Reta,Sim,2,0,1,0,1,0,1,2,"-7,1651","-34,8941",SR-PB,DEL14/1,UOP01/PB,
212709,2019-05-31,sexta-feira,13:00:00,PB,230,27,JOAO PESSOA,Pista Escorregadia,Queda de ocupante de veículo,Com Vítimas Feridas,Pleno dia,Decrescente,Sol,Simples,Curva,Não,1,0,1,0,0,0,1,1,"-7,165716","-34,89445",SR-PB,DEL14/1,UOP01/PB,
212915,2019-06-01,sábado,11:45:00,PB,230,15,JOAO PESSOA,Falta de Atenção à Condução,Colisão traseira,Com Vítimas Feridas,Pleno dia,Crescente,Céu Claro,Dupla,Não Informado,Sim,2,0,1,0,1,0,1,2,"-7,093","-34,8482",SR-PB,DEL14/1,UOP01/PB,
212920,2019-06-01,sábado,12:00:00,PB,230,"29,9",JOAO PESSOA,Não guardar distância de segurança,Colisão traseira,Sem Vítimas,Pleno dia,Crescente,Céu Claro,Dupla,Reta,Sim,2,0,0,0,2,0,0,2,"-7,1622","-34,9031",SR-PB,DEL14/1,UOP01/PB,
213178,2019-05-03,sexta-feira,14:40:00,PB,230,"24,3",JOAO PESSOA,Velocidade Incompatível,Colisão traseira,Com Vítimas Feridas,Pleno dia,Decrescente,Sol,Dupla,Viaduto,Sim,3,0,1,1,1,0,2,2,"-7,1637","-34,8618",SR-PB,DEL14/1,UOP01/PB,
213316,2019-06-03,segunda-feira,06:50:00,PB,230,25,JOAO PESSOA,Não guardar distância de segurança,Colisão traseira,Com Vítimas Feridas,Pleno dia,Decrescente,Nublado,Dupla,Não Informado,Sim,3,0,1,0,2,0,1,2,"-7,1707","-34,8684",SR-PB,DEL14/1,UOP01/PB,
213537,2019-06-04,terça-feira,08:40:00,PB,230,"23,9",JOAO PESSOA,Falta de Atenção à Condução,Colisão traseira,Com Vítimas Feridas,Pleno dia,Decrescente,Céu Claro,Dupla,Reta,Sim,4,0,1,0,2,1,1,3,"-7,1562","-34,8574",SR-PB,DEL14/1,UOP01/PB,
213905,2019-06-06,quinta-feira,10:50:00,PB,101,"88,9",JOAO PESSOA,Desobediência às normas de trânsito pelo condutor,Colisão transversal,Com Vítimas Feridas,Pleno dia,Crescente,Céu Claro,Dupla,Rotatória,Não,3,0,0,2,1,0,2,2,"-7,181182","-34,90069",SR-PB,DEL14/1,UOP01/PB,
214033,2019-05-24,sexta-feira,23:00:00,PB,230,"15,5",JOAO PESSOA,Ingestão de Álcool,Colisão frontal,Com Vítimas Feridas,Plena Noite,Crescente,Céu Claro,Dupla,Não Informado,Sim,2,0,1,0,1,0,1,2,"-7,093","-34,8482",SR-PB,DEL14/1,UOP01/PB,
214159,2019-06-07,sexta-feira,15:50:00,PB,230,29,JOAO PESSOA,Não guardar distância de segurança,Colisão lateral,Com Vítimas Fatais,Pleno dia,Decrescente,Céu Claro,Dupla,Reta,Sim,4,1,1,0,2,0,1,3,"-7,1622","-34,9031",SR-PB,DEL14/1,UOP01/PB,
214330,2019-06-08,sábado,09:55:00,PB,101,"85,2",JOAO PESSOA,Animais na Pista,Tombamento,Com Vítimas Feridas,Pleno dia,Decrescente,Céu Claro,Dupla,Não Informado,Sim,2,0,2,0,0,0,2,1,"-7,150959","-34,9098",SR-PB,DEL14/1,UOP01/PB,
214500,2019-05-06,segunda-feira,11:25:00,PB,230,17,JOAO PESSOA,Desobediência às normas de trânsito pelo condutor,Colisão transversal,Com Vítimas Feridas,Pleno dia,Crescente,Sol,Dupla,Retorno Regulamentado,Sim,2,0,1,0,1,0,1,2,"-7,1121","-34,8426",SR-PB,DEL14/1,UOP01/PB,
214512,2019-06-09,domingo,03:15:00,PB,230,"27,8",JOAO PESSOA,Falta de Atenção à Condução,Colisão traseira,Com Vítimas Feridas,Plena Noite,Decrescente,Nublado,Dupla,Reta,Sim,2,0,0,1,1,0,1,2,"-7,1677","-34,8855",SR-PB,DEL14/1,UOP01/PB,
214987,2019-06-11,terça-feira,09:15:00,PB,101,"86,4",JOAO PESSOA,Desobediência às normas de trânsito pelo condutor,Colisão traseira,Com Vítimas Feridas,Pleno dia,Crescente,Chuva,Dupla,Retorno Regulamentado,Sim,2,0,1,0,0,1,1,2,"-7,15119","-34,91012",SR-PB,DEL14/1,UOP01/PB,
215061,2019-06-11,terça-feira,16:55:00,PB,230,19,JOAO PESSOA,Defeito Mecânico no Veículo,Queda de ocupante de veículo,Com Vítimas Feridas,Anoitecer,Decrescente,Nublado,Dupla,Reta,Não,2,0,2,0,0,0,2,1,"-7,1281","-34,8466",SR-PB,DEL14/1,UOP01/PB,
215605,2019-06-14,sexta-feira,15:27:00,PB,230,30,JOAO PESSOA,Não guardar distância de segurança,Colisão traseira,Sem Vítimas,Pleno dia,Crescente,Nublado,Dupla,Reta,Sim,3,0,0,0,3,0,0,3,"-7,1549","-34,9077",SR-PB,DEL14/1,UOP01/PB,
216087,2019-06-16,domingo,15:20:00,PB,230,19,JOAO PESSOA,Falta de Atenção à Condução,Colisão lateral,Sem Vítimas,Pleno dia,Decrescente,Chuva,Dupla,Reta,Sim,2,0,0,0,2,0,0,2,"-7,1281","-34,8466",SR-PB,DEL14/1,UOP01/PB,