id,data_inversa,dia_semana,horario,uf,br,km,municipio,causa_acidente,tipo_acidente,classificacao_acidente,fase_dia,sentido_via,condicao_metereologica,tipo_pista,tracado_via,uso_solo,pessoas,mortos,feridos_leves,feridos_graves,ilesos,ignorados,feridos,veiculos,latitude,longitude,regional,delegacia,uop,geometry
216160,2019-06-16,domingo,19:00:00,PB,101,86,JOAO PESSOA,Pista Escorregadia,Colisão traseira,Sem Vítimas,Plena Noite,Crescente,Chuva,Dupla,Reta,Sim,2,0,0,0,2,0,0,2,"-7,15119","-34,91012",SR-PB,DEL14/1,UOP01/PB,
216319,2019-05-26,domingo,02:20:00,PB,230,25,JOAO PESSOA,Velocidade Incompatível,Colisão com objeto estático,Com Vítimas Feridas,Plena Noite,Crescente,Nublado,Múltipla,Viaduto,Sim,1,0,1,0,0,0,1,1,"-7,169138","-34,87508",SR-PB,DEL14/1,UOP01/PB,
216655,2019-06-19,quarta-feira,09:10:00,PB,230,18,JOAO PESSOA,Falta de Atenção à Condução,Colisão lateral,Com Vítimas Feridas,Pleno dia,Crescente,Céu Claro,Dupla,Reta,Sim,2,0,1,0,1,0,1,2,"-7,1198","-34,8453",SR-PB,DEL14/1,UOP01/PB,
216754,2019-06-19,quarta-feira,17:50:00,PB,101,88,JOAO PESSOA,Não guardar distância de segurança,Colisão traseira,Com Vítimas Feridas,Anoitecer,Crescente,Céu Claro,Dupla,Reta,Não,2,0,0,1,0,1,1,2,"-7,1647","-34,89994",SR-PB,DEL14/1,UOP01/PB,
217618,2019-06-24,segunda-feira,05:00:00,PB,101,"90,5",JOAO PESSOA,Ingestão de Álcool,Colisão com objeto estático,Sem Vítimas,Amanhecer,Crescente,Nublado,Dupla,Desvio Temporário,Sim,1,0,0,0,1,0,0,1,"-7,179652","-34,90042",SR-PB,DEL14/1,UOP01/PB,
217855,2019-06-24,segunda-feira,23:20:00,PB,230,"24,9",JOAO PESSOA,Defeito Mecânico no Veículo,Colisão com objeto estático,Sem Vítimas,Plena Noite,Decrescente,Céu Claro,Dupla,Curva,Sim,2,0,0,0,2,0,0,1,"-7,1637","-34,8618",SR-PB,DEL14/1,UOP01/PB,
217918,2019-06-14,sexta-feira,14:40:00,PB,101,86,JOAO PESSOA,Desobediência às normas de trânsito pelo condutor,Colisão frontal,Com Vítimas Fatais,Pleno dia,Crescente,Céu Claro,Dupla,Não Informado,Não,3,1,1,1,0,0,2,2,"-7,15119","-34,91012",SR-PB,DEL14/1,UOP01/PB,
217938,2019-06-25,terça-feira,12:50:00,PB,101,91,JOAO PESSOA,Condutor Dormindo,Saída de leito carroçável,Sem Vítimas,Pleno dia,Decrescente,Céu Claro,Dupla,Interseção de vias,Sim,1,0,0,0,1,0,0,1,"-7,188264","-34,90308",SR-PB,DEL14/1,UOP01/PB,
219022,2019-06-30,domingo,15:55:00,PB,230,"19,4",JOAO PESSOA,Falta de Atenção do Pedestre,Atropelamento de Pedestre,Com Vítimas Feridas,Pleno dia,Decrescente,Sol,Dupla,Curva,Sim,2,0,0,1,1,0,1,1,"-7,131634","-34,85277",SR-PB,DEL14/1,UOP01/PB,
219126,2019-06-30,domingo,23:25:00,PB,230,"26,1",JOAO PESSOA,Ingestão de Álcool,Saída de leito carroçável,Sem Vítimas,Plena Noite,Decrescente,Céu Claro,Dupla,Não Informado,Sim,2,0,0,0,0,2,0,1,"-7,1693","-34,8782",SR-PB,DEL14/1,UOP01/PB,
219551,2019-07-02,terça-feira,06:25:00,PB,101,89,JOAO PESSOA,Falta de Atenção à Condução,Engavetamento,Com Vítimas Feridas,Pleno dia,Decrescente,Céu Claro,Dupla,Reta,Sim,3,0,0,1,0,2,1,3,"-7,171069","-34,89765",SR-PB,DEL14/1,UOP01/PB,
219800,2019-07-04,quinta-feira,13:05:00,PB,101,"89,5",JOAO PESSOA,Falta de Atenção à Condução,Colisão traseira,Com Vítimas Feridas,Pleno dia,Crescente,Céu Claro,Dupla,Reta,Sim,2,0,1,0,1,0,1,2,"-7,171069","-34,89765",SR-PB,DEL14/1,UOP01/PB,
219888,2019-07-04,quinta-feira,21:30:00,PB,230,17,JOAO PESSOA,Desobediência às normas de trânsito pelo condutor,Colisão traseira,Com Vítimas Feridas,Plena Noite,Crescente,Nublado,Dupla,Não Informado,Sim,2,0,1,0,1,0,1,2,"-7,1121","-34,8426",SR-PB,DEL14/1,UOP01/PB,
220091,2019-07-05,sexta-feira,17:30:00,PB,230,"17,9",JOAO PESSOA,Falta de Atenção à Condução,Colisão traseira,Com Vítimas Feridas,Anoitecer,Crescente,Céu Claro,Dupla,Reta,Sim,4,0,2,0,2,0,2,3,"-7,1121","-34,8426",SR-PB,DEL14/1,UOP01/PB,
220258,2019-07-06,sábado,10:50:00,PB,230,22,JOAO PESSOA,Não guardar distância de segurança,Engavetamento,Com Vítimas Feridas,Pleno dia,Decrescente,Sol,Dupla,Reta,Sim,6,0,1,0,5,0,1,5,"-7,157166","-34,8578",SR-PB,DEL14/1,UOP01/PB,
220264,2019-07-06,sábado,10:50:00,PB,230,21,JOAO PESSOA,Falta de Atenção à Condução,Queda de ocupante de veículo,Com Vítimas Feridas,Pleno dia,Decrescente,Céu Claro,Dupla,Reta,Não,2,0,1,1,0,0,2,1,"-7,1415","-34,8519",SR-PB,DEL14/1,UOP01/PB,
220447,2019-07-07,domingo,05:10:00,PB,230,"18,2",JOAO PESSOA,Ingestão de Álcool,Colisão com objeto estático,Sem Vítimas,Amanhecer,Crescente,Céu Claro,Dupla,Reta,Sim,1,0,0,0,1,0,0,1,"-7,1198","-34,8453",SR-PB,DEL14/1,UOP01/PB,
220903,2019-07-09,terça-feira,10:00:00,PB,230,16,JOAO PESSOA,Falta de Atenção à Condução,Colisão traseira,Com Vítimas Feridas,Pleno dia,Decrescente,Sol,Dupla,Reta,Sim,2,0,1,0,1,0,1,2,"-7,110291","-34,84304",SR-PB,DEL14/1,UOP01/PB,
220975,2019-07-09,terça-feira,16:15:00,PB,230,30,JOAO PESSOA,Não guardar distância de segurança,Colisão traseira,Com Vítimas Feridas,Pleno dia,Decrescente,Céu Claro,Dupla,Não Informado,Não,7,0,3,0,4,0,3,2,"-7,1549","-34,9077",SR-PB,DEL14/1,UOP01/PB,
221387,2019-07-11,quinta-feira,16:25:00,PB,230,"17,4",JOAO PESSOA,Velocidade Incompatível,Colisão traseira,Com Vítimas Feridas,Pleno dia,Crescente,Céu Claro,Dupla,Curva,Sim,2,0,0,1,1,0,1,2,"-7,11808","-34,84401",SR-PB,DEL14/1,UOP01/PB,
221564,2019-07-12,sexta-feira,14:30:00,PB,230,22,JOAO PESSOA,Não guardar distância de segurança,Engavetamento,Com Vítimas Feridas,Pleno dia,Decrescente,Céu Claro,Dupla,Reta,Sim,6,0,2,0,3,1,2,4,"-7,1495","-34,8517",SR-PB,DEL14/1,UOP01/PB,
221583,2019-07-12,sexta-feira,15:30:00,PB,230,21,JOAO PESSOA,Não guardar distância de segurança,Colisão traseira,Com Vítimas Feridas,Pleno dia,Crescente,Sol,Dupla,Reta,Sim,2,0,1,0,1,0,1,2,"-7,1415","-34,8519",SR-PB,DEL14/1,UOP01/PB,
221906,2019-07-13,sábado,22:30:00,PB,230,22,JOAO PESSOA,Pista Escorregadia,Tombamento,Com Vítimas Feridas,Plena Noite,Crescente,Chuva,Dupla,Reta,Sim,1,0,1,0,0,0,1,1,"-7,1495","-34,8517",SR-PB,DEL14/1,UOP01/PB,
222118,2019-07-14,domingo,20:02:00,PB,230,"27,8",JOAO PESSOA,Velocidade Incompatível,Saída de leito carroçável,Sem Vítimas,Plena Noite,Decrescente,Garoa/Chuvisco,Dupla,Não Informado,Sim,1,0,0,0,1,0,0,1,"-7,1677","-34,8855",SR-PB,DEL14/1,UOP01/PB,
222299,2019-07-15,segunda-feira,15:50:00,PB,230,26,JOAO PESSOA,Falta de Atenção à Condução,Colisão transversal,Com Vítimas Feridas,Pleno dia,Decrescente,Céu Claro,Múltipla,Retorno Regulamentado,Sim,3,0,2,0,1,0,2,2,"-7,1693","-34,8782",SR-PB,DEL14/1,UOP01/PB,
222658,2019-07-17,quarta-feira,16:40:00,PB,230,22,JOAO PESSOA,Falta de Atenção à Condução,Colisão lateral,Com Vítimas Feridas,Pleno dia,Decrescente,Céu Claro,Dupla,Reta,Sim,2,0,0,1,1,0,1,2,"-7,1495","-34,8517",SR-PB,DEL14/1,UOP01/PB,
222759,2019-07-18,quinta-feira,07:20:00,PB,230,19,JOAO PESSOA,Não guardar distância de segurança,Colisão traseira,Com Vítimas Feridas,Pleno dia,Crescente,Céu Claro,Dupla,Não Informado,Sim,2,0,1,0,0,1,1,2,"-7,1281","-34,8466",SR-PB,DEL14/1,UOP01/PB,
222970,2019-07-19,sexta-feira,08:45:00,PB,230,"22,1",JOAO PESSOA,Falta de Atenção à Condução,Colisão lateral,Com Vítimas Feridas,Pleno dia,Decrescente,Chuva,Dupla,Reta,Sim,2,0,1,0,1,0,1,2,"-7,1495","-34,8517",SR-PB,DEL14/1,UOP01/PB,
222971,2019-07-19,sexta-feira,08:50:00,PB,230,"23,4",JOAO PESSOA,Não guardar distância de segurança,Colisão traseira,Sem Vítimas,Pleno dia,Decrescente,Chuva,Dupla,Reta,Sim,3,0,0,0,2,1,0,3,"-7,165353","-34,86264",SR-PB,DEL14/1,UOP01/PB,
223284,2019-07-20,sábado,14:15:00,PB,230,18,JOAO PESSOA,Carga excessiva e/ou mal acondicionada,Colisão traseira,Com Vítimas Feridas,Pleno dia,Crescente,Sol,Dupla,Desvio Temporário,Não,2,0,2,0,0,0,2,2,"-7,1198","-34,8453",SR-PB,DEL14/1,UOP01/PB,
223330,2019-07-20,sábado,18:00:00,PB,230,"20,5",JOAO PESSOA,Ingestão de Álcool,Queda de ocupante de veículo,Com Vítimas Feridas,Plena Noite,Decrescente,Céu Claro,Dupla,Reta,Sim,1,0,1,0,0,0,1,1,"-7,1337","-34,8544",SR-PB,DEL14/1,UOP01/PB,
223449,2019-07-21,domingo,03:00:00,PB,230,26,JOAO PESSOA,Sinalização da via insuficiente ou inadequada,Colisão com objeto estático,Com Vítimas Feridas,Plena Noite,Decrescente,Chuva,Múltipla,Interseção de vias,Sim,1,0,1,0,0,0,1,1,"-7,1693","-34,8782",SR-PB,DEL14/1,UOP01/PB,
223715,2019-07-22,segunda-feira,07:40:00,PB,230,30,JOAO PESSOA,Desobediência às normas de trânsito pelo condutor,Colisão lateral,Com Vítimas Feridas,Pleno dia,Decrescente,Nublado,Dupla,Reta,Sim,3,0,2,0,1,0,2,3,"-7,1549","-34,9077",SR-PB,DEL14/1,UOP01/PB,
224172,2019-07-23,terça-feira,14:24:00,PB,230,27,JOAO PESSOA,Defeito Mecânico no Veículo,Tombamento,Com Vítimas Feridas,Pleno dia,Crescente,Céu Claro,Dupla,Desvio Temporário,Sim,2,0,1,0,0,1,1,2,"-7,1677","-34,8855",SR-PB,DEL14/1,UOP01/PB,
224238,2019-07-23,terça-feira,20:50:00,PB,101,86,JOAO PESSOA,Falta de Atenção à Condução,Colisão com objeto estático,Com Vítimas Feridas,Plena Noite,Crescente,Garoa/Chuvisco,Dupla,Reta,Não,1,0,1,0,0,0,1,1,"-7,15119","-34,91012",SR-PB,DEL14/1,UOP01/PB,
224478,2019-07-25,quinta-feira,07:45:00,PB,230,20,JOAO PESSOA,Não guardar distância de segurança,Colisão lateral,Com Vítimas Feridas,Pleno dia,Decrescente,Céu Claro,Dupla,Reta,Sim,2,0,1,0,0,1,1,2,"-7,1337","-34,8544",SR-PB,DEL14/1,UOP01/PB,
224899,2019-07-27,sábado,05:50:00,PB,101,"88,6",JOAO PESSOA,Desobediência às normas de trânsito pelo pedestre,Atropelamento de Pedestre,Com Vítimas Feridas,Amanhecer,Crescente,Nublado,Dupla,Reta,Sim,2,0,1,0,1,0,1,1,"-7,1647","-34,89994",SR-PB,DEL14/1,UOP01/PB,
224920,2019-07-27,sábado,08:00:00,PB,230,"21,7",JOAO PESSOA,Falta de Atenção à Condução,Engavetamento,Com Vítimas Feridas,Pleno dia,Decrescente,Chuva,Dupla,Reta,Sim,4,0,2,0,1,1,2,4,"-7,1415","-34,8519",SR-PB,DEL14/1,UOP01/PB,
225146,2019-07-28,domingo,07:30:00,PB,101,87,JOAO PESSOA,Pista Escorregadia,Tombamento,Com Vítimas Feridas,Pleno dia,Crescente,Nublado,Simples,Interseção de vias,Não,2,0,1,1,0,0,2,1,"-7,16472","-34,89676",SR-PB,DEL14/1,UOP01/PB,
225657,2019-07-30,terça-feira,18:35:00,PB,230,"27,8",JOAO PESSOA,Não guardar distância de segurança,Colisão traseira,Com Vítimas Feridas,Plena Noite,Crescente,Chuva,Dupla,Interseção de vias,Sim,3,0,2,0,0,1,2,2,"-7,1677","-34,8855",SR-PB,DEL14/1,UOP01/PB,
225662,2019-07-30,terça-feira,19:10:00,PB,230,"21,8",JOAO PESSOA,Desobediência às normas de trânsito pelo condutor,Colisão traseira,Com Vítimas Feridas,Plena Noite,Crescente,Garoa/Chuvisco,Dupla,Reta,Sim,3,0,1,0,2,0,1,3,"-7,1415","-34,8519",SR-PB,DEL14/1,UOP01/PB,
225888,2019-08-01,quinta-feira,06:50:00,PB,230,28,JOAO PESSOA,Pista Escorregadia,Queda de ocupante de veículo,Com Vítimas Feridas,Pleno dia,Decrescente,Chuva,Simples,Curva,Sim,2,0,2,0,0,0,2,1,"-7,1651","-34,8941",SR-PB,DEL14/1,UOP01/PB,
226108,2019-08-02,sexta-feira,07:45:00,PB,230,"28,4",JOAO PESSOA,Pista Escorregadia,Colisão com objeto estático,Sem Vítimas,Pleno dia,Decrescente,Chuva,Simples,Curva,Sim,1,0,0,0,1,0,0,1,"-7,1651","-34,8941",SR-PB,DEL14/1,UOP01/PB,
226181,2019-08-02,sexta-feira,15:35:00,PB,230,"17,2",JOAO PESSOA,Velocidade Incompatível,Colisão com objeto estático,Sem Vítimas,Pleno dia,Decrescente,Sol,Dupla,Curva,Sim,1,0,0,0,1,0,0,1,"-7,11897","-34,84486",SR-PB,DEL14/1,UOP01/PB,
227102,2019-08-06,terça-feira,18:50:00,PB,101,89,JOAO PESSOA,Desobediência às normas de trânsito pelo condutor,Colisão lateral,Com Vítimas Feridas,Plena Noite,Decrescente,Céu Claro,Dupla,Curva,Não,3,0,2,0,0,1,2,2,"-7,171069","-34,89765",SR-PB,DEL14/1,UOP01/PB,
227196,2019-08-07,quarta-feira,07:20:00,PB,230,"21,9",JOAO PESSOA,Falta de Atenção à Condução,Tombamento,Com Vítimas Feridas,Pleno dia,Decrescente,Céu Claro,Dupla,Reta,Sim,1,0,1,0,0,0,1,1,"-7,1415","-34,8519",SR-PB,DEL14/1,UOP01/PB,
227220,2019-08-07,quarta-feira,13:20:00,PB,230,"27,7",JOAO PESSOA,Falta de Atenção do Pedestre,Atropelamento de Pedestre,Com Vítimas Feridas,Pleno dia,Decrescente,Nublado,Dupla,Reta,Sim,2,0,0,1,1,0,1,1,"-7,1677","-34,8855",SR-PB,DEL14/1,UOP01/PB,
227242,2019-08-07,quarta-feira,15:00:00,PB,101,82,JOAO PESSOA,Não guardar distância de segurança,Colisão traseira,Com Vítimas Feridas,Pleno dia,Crescente,Nublado,Dupla,Reta,Sim,2,0,1,0,1,0,1,2,"-7,12911","-34,93714",SR-PB,DEL14/1,UOP01/PB,
227449,2019-08-08,quinta-feira,15:50:00,PB,101,88,JOAO PESSOA,Desobediência às normas de trânsito pelo condutor,Colisão frontal,Com Vítimas Feridas,Anoitecer,Decrescente,Céu Claro,Dupla,Reta,Não,3,0,1,0,2,0,1,2,"-7,1647","-34,89994",SR-PB,DEL14/1,UOP01/PB,
227588,2019-08-09,sexta-feira,10:20:00,PB,230,"18,9",JOAO PESSOA,Desobediência às normas de trânsito pelo condutor,Colisão traseira,Com Vítimas Feridas,Pleno dia,Decrescente,Céu Claro,Dupla,Não Informado,Sim,2,0,1,0,1,0,1,2,"-7,1198","-34,8453",SR-PB,DEL14/1,UOP01/PB,
227993,2019-08-10,sábado,22:10:00,PB,101,"88,2",JOAO PESSOA,Desobediência às normas de trânsito pelo condutor,Colisão traseira,Com Vítimas Feridas,Plena Noite,Decrescente,Nublado,Dupla,Reta,Sim,2,0,2,0,0,0,2,2,"-7,1647","-34,89994",SR-PB,DEL14/1,UOP01/PB,
228009,2019-08-11,domingo,00:15:00,PB,230,"19,4",JOAO PESSOA,Defeito Mecânico no Veículo,Incêndio,Sem Vítimas,Plena Noite,Decrescente,Céu Claro,Dupla,Curva,Sim,1,0,0,0,1,0,0,1,"-7,1281","-34,8466",SR-PB,DEL14/1,UOP01/PB,
228474,2019-08-13,terça-feira,06:00:00,PB,230,22,JOAO PESSOA,Defeito Mecânico no Veículo,Queda de ocupante de veículo,Com Vítimas Feridas,Pleno dia,Decrescente,Céu Claro,Dupla,Reta,Sim,2,0,2,0,0,0,2,1,"-7,1495","-34,8517",SR-PB,DEL14/1,UOP01/PB,
228876,2019-08-15,quinta-feira,12:40:00,PB,101,"86,8",JOAO PESSOA,Falta de Atenção à Condução,Engavetamento,Com Vítimas Feridas,Pleno dia,Crescente,Céu Claro,Dupla,Reta,Sim,3,0,0,1,2,0,1,3,"-7,15119","-34,91012",SR-PB,DEL14/1,UOP01/PB,
229010,2019-08-16,sexta-feira,07:30:00,PB,230,"22,2",JOAO PESSOA,Não guardar distância de segurança,Colisão traseira,Com Vítimas Feridas,Pleno dia,Decrescente,Céu Claro,Dupla,Reta,Sim,3,0,1,1,0,1,2,2,"-7,1495","-34,8517",SR-PB,DEL14/1,UOP01/PB,
229159,2019-08-16,sexta-feira,20:06:00,PB,230,27,JOAO PESSOA,Ingestão de Álcool,Colisão traseira,Com Vítimas Feridas,Plena Noite,Decrescente,Céu Claro,Dupla,Desvio Temporário,Sim,3,0,2,0,1,0,2,2,"-7,1677","-34,8855",SR-PB,DEL14/1,UOP01/PB,
229245,2019-08-17,sábado,07:40:00,PB,230,23,JOAO PESSOA,Não guardar distância de segurança,Engavetamento,Com Vítimas Feridas,Pleno dia,Decrescente,Sol,Dupla,Reta,Sim,5,0,1,0,3,1,1,5,"-7,162021","-34,86065",SR-PB,DEL14/1,UOP01/PB,
229258,2019-08-17,sábado,09:00:00,PB,230,21,JOAO PESSOA,Falta de Atenção à Condução,Tombamento,Com Vítimas Feridas,Pleno dia,Decrescente,Céu Claro,Dupla,Reta,Sim,1,0,1,0,0,0,1,1,"-7,1415","-34,8519",SR-PB,DEL14/1,UOP01/PB,
229265,2019-08-17,sábado,09:55:00,PB,230,"23,6",JOAO PESSOA,Não guardar distância de segurança,Engavetamento,Sem Vítimas,Pleno dia,Decrescente,Céu Claro,Dupla,Curva,Sim,3,0,0,0,3,0,0,3,"-7,164682","-34,86219",SR-PB,DEL14/1,UOP01/PB,
229432,2019-08-17,sábado,07:49:00,PB,230,23,JOAO PESSOA,Não guardar distância de segurança,Colisão traseira,Sem Vítimas,Pleno dia,Decrescente,Sol,Dupla,Reta,Sim,2,0,0,0,1,1,0,2,"-7,125762","-34,81499",SR-PB,DEL14/1,UOP01/PB,
229501,2019-08-18,domingo,08:50:00,PB,101,88,JOAO PESSOA,Velocidade Incompatível,Queda de ocupante de veículo,Com Vítimas Feridas,Pleno dia,Crescente,Céu Claro,Simples,Não Informado,Não,1,0,1,0,0,0,1,1,"-7,1647","-34,89994",SR-PB,DEL14/1,UOP01/PB,
229715,2019-08-19,segunda-feira,07:38:00,PB,230,"21,5",JOAO PESSOA,Não guardar distância de segurança,Colisão traseira,Sem Vítimas,Pleno dia,Decrescente,Nublado,Dupla,Reta,Sim,2,0,0,0,2,0,0,2,"-7,1415","-34,8519",SR-PB,DEL14/1,UOP01/PB,
229728,2019-08-19,segunda-feira,07:40:00,PB,230,19,JOAO PESSOA,Não guardar distância de segurança,Colisão traseira,Com Vítimas Feridas,Pleno dia,Crescente,Nublado,Dupla,Não Informado,Sim,4,0,2,0,1,1,2,2,"-7,1281","-34,8466",SR-PB,DEL14/1,UOP01/PB,
230032,2019-08-20,terça-feira,18:50:00,PB,101,"90,1",JOAO PESSOA,Falta de Atenção à Condução,Colisão transversal,Com Vítimas Feridas,Plena Noite,Crescente,Céu Claro,Dupla,Reta,Sim,2,0,1,0,1,0,1,2,"-7,181185","-34,90085",SR-PB,DEL14/1,UOP01/PB,
230312,2019-08-22,quinta-feira,06:10:00,PB,230,27,JOAO PESSOA,Não guardar distância de segurança,Colisão traseira,Com Vítimas Fatais,Pleno dia,Decrescente,Céu Claro,Dupla,Reta,Sim,4,1,1,0,2,0,1,4,"-7,1677","-34,8855",SR-PB,DEL14/1,UOP01/PB,
230346,2019-08-22,quinta-feira,07:35:00,PB,230,16,JOAO PESSOA,Falta de Atenção do Pedestre,Atropelamento de Pedestre,Com Vítimas Feridas,Pleno dia,Crescente,Sol,Dupla,Desvio Temporário,Sim,2,0,1,1,0,0,2,1,"-7,1039","-34,8458",SR-PB,DEL14/1,UOP01/PB,
230429,2019-08-22,quinta-feira,18:15:00,PB,230,24,JOAO PESSOA,Não guardar distância de segurança,Colisão lateral,Com Vítimas Feridas,Anoitecer,Decrescente,Céu Claro,Dupla,Reta,Sim,2,0,1,0,0,1,1,2,"-7,170096","-34,86591",SR-PB,DEL14/1,UOP01/PB,
230498,2019-08-23,sexta-feira,07:40:00,PB,230,19,JOAO PESSOA,Falta de Atenção à Condução,Colisão lateral,Com Vítimas Feridas,Pleno dia,Crescente,Nublado,Dupla,Reta,Sim,2,0,1,0,1,0,1,2,"-7,1281","-34,8466",SR-PB,DEL14/1,UOP01/PB,
230822,2019-08-24,sábado,16:40:00,PB,230,"27,8",JOAO PESSOA,Falta de Atenção à Condução,Colisão lateral,Com Vítimas Feridas,Pleno dia,Decrescente,Nublado,Dupla,Viaduto,Sim,3,0,2,0,0,1,2,2,"-7,1677","-34,8855",SR-PB,DEL14/1,UOP01/PB,
231261,2019-08-27,terça-feira,07:40:00,PB,230,"17,8",JOAO PESSOA,Falta de Atenção à Condução,Colisão traseira,Sem Vítimas,Pleno dia,Decrescente,Céu Claro,Dupla,Reta,Sim,2,0,0,0,2,0,0,2,"-7,1121","-34,8426",SR-PB,DEL14/1,UOP01/PB,
231714,2019-08-29,quinta-feira,16:02:00,PB,101,90,JOAO PESSOA,Não guardar distância de segurança,Colisão traseira,Com Vítimas Feridas,Pleno dia,Decrescente,Céu Claro,Dupla,Reta,Sim,2,0,1,0,1,0,1,2,"-7,179056","-34,8999",SR-PB,DEL14/1,UOP01/PB,
231932,2019-08-30,sexta-feira,12:15:00,PB,230,"18,1",JOAO PESSOA,Não guardar distância de segurança,Colisão traseira,Com Vítimas Feridas,Pleno dia,Decrescente,Sol,Dupla,Reta,Sim,2,0,1,0,1,0,1,2,"-7,1198","-34,8453",SR-PB,DEL14/1,UOP01/PB,
231964,2019-08-30,sexta-feira,14:00:00,PB,230,25,JOAO PESSOA,Velocidade Incompatível,Colisão com objeto estático,Com Vítimas Feridas,Pleno dia,Decrescente,Céu Claro,Dupla,Reta,Sim,1,0,1,0,0,0,1,1,"-7,169548","-34,87447",SR-PB,DEL14/1,UOP01/PB,
232416,2019-09-01,domingo,05:40:00,PB,101,"86,9",JOAO PESSOA,Não guardar distância de segurança,Colisão traseira,Com Vítimas Feridas,Pleno dia,Crescente,Chuva,Dupla,Reta,Sim,2,0,1,0,0,1,1,2,"-7,15119","-34,91012",SR-PB,DEL14/1,UOP01/PB,
232883,2019-09-03,terça-feira,06:37:00,PB,101,92,JOAO PESSOA,Falta de Atenção à Condução,Colisão lateral,Com Vítimas Feridas,Pleno dia,Crescente,Céu Claro,Dupla,Retorno Regulamentado,Sim,2,0,1,0,1,0,1,2,"-7,196838","-34,90588",SR-PB,DEL14/1,UOP01/PB,
232923,2019-09-03,terça-feira,08:50:00,PB,230,"28,1",JOAO PESSOA,Não guardar distância de segurança,Colisão traseira,Com Vítimas Feridas,Pleno dia,Crescente,Céu Claro,Dupla,Viaduto,Sim,3,0,0,1,1,1,1,2,"-7,1651","-34,8941",SR-PB,DEL14/1,UOP01/PB,
233295,2019-09-05,quinta-feira,12:30:00,PB,230,"17,5",JOAO PESSOA,Falta de Atenção à Condução,Colisão lateral,Com Vítimas Feridas,Pleno dia,Crescente,Céu Claro,Dupla,Reta,Sim,2,0,0,1,1,0,1,2,"-7,118241","-34,84415",SR-PB,DEL14/1,UOP01/PB,
233344,2019-09-05,quinta-feira,16:15:00,PB,101,87,JOAO PESSOA,Desobediência às normas de trânsito pelo condutor,Colisão transversal,Com Vítimas Feridas,Pleno dia,Crescente,Céu Claro,Dupla,Reta,Sim,2,0,0,1,0,1,1,2,"-7,158868","-34,90629",SR-PB,DEL14/1,UOP01/PB,
233365,2019-09-05,quinta-feira,18:10:00,PB,230,24,JOAO PESSOA,Não guardar distância de segurança,Queda de ocupante de veículo,Com Vítimas Feridas,Plena Noite,Decrescente,Céu Claro,Dupla,Reta,Sim,1,0,0,1,0,0,1,1,"-7,1637","-34,8618",SR-PB,DEL14/1,UOP01/PB,
233384,2019-09-05,quinta-feira,19:15:00,PB,230,"21,7",JOAO PESSOA,Falta de Atenção à Condução,Colisão traseira,Sem Vítimas,Plena Noite,Decrescente,Nublado,Dupla,Reta,Sim,4,0,0,0,1,3,0,3,"-7,1415","-34,8519",SR-PB,DEL14/1,UOP01/PB,
233549,2019-09-06,sexta-feira,14:45:00,PB,230,22,JOAO PESSOA,Falta de Atenção à Condução,Colisão traseira,Com Vítimas Feridas,Pleno dia,Decrescente,Céu Claro,Dupla,Reta,Sim,2,0,1,0,1,0,1,2,"-7,1495","-34,8517",SR-PB,DEL14/1,UOP01/PB,
233609,2019-09-06,sexta-feira,17:45:00,PB,230,"25,1",JOAO PESSOA,Sinalização da via insuficiente ou inadequada,Colisão com objeto estático,Com Vítimas Feridas,Plena Noite,Crescente,Céu Claro,Múltipla,Reta,Sim,1,0,0,1,0,0,1,1,"-7,169134","-34,88022",SR-PB,DEL14/1,UOP01/PB,
234284,2019-09-09,segunda-feira,09:05:00,PB,230,20,JOAO PESSOA,Desobediência às normas de trânsito pelo condutor,Colisão traseira,Com Vítimas Feridas,Pleno dia,Decrescente,Nublado,Dupla,Não Informado,Sim,3,0,1,0,2,0,1,3,"-7,131753","-34,85697",SR-PB,DEL14/1,UOP01/PB,
235324,2019-09-14,sábado,11:00:00,PB,230,26,JOAO PESSOA,Falta de Atenção à Condução,Colisão traseira,Com Vítimas Feridas,Pleno dia,Crescente,Céu Claro,Dupla,Reta,Sim,3,0,1,0,2,0,1,2,"-7,1693","-34,8782",SR-PB,DEL14/1,UOP01/PB,
235645,2019-09-15,domingo,18:20:00,PB,101,"88,9",JOAO PESSOA,Desobediência às normas de trânsito pelo condutor,Colisão lateral,Com Vítimas Feridas,Plena Noite,Crescente,Céu Claro,Dupla,Reta,Sim,2,0,1,0,0,1,1,2,"-7,1647","-34,89994",SR-PB,DEL14/1,UOP01/PB,
235879,2019-09-16,segunda-feira,09:30:00,PB,101,90,JOAO PESSOA,Falta de Atenção à Condução,Colisão lateral,Com Vítimas Feridas,Pleno dia,Decrescente,Céu Claro,Dupla,Reta,Não,2,0,1,0,1,0,1,2,"-7,179652","-34,90042",SR-PB,DEL14/1,UOP01/PB,