id,data_inversa,dia_semana,horario,uf,br,km,municipio,causa_acidente,tipo_acidente,classificacao_acidente,fase_dia,sentido_via,condicao_metereologica,tipo_pista,tracado_via,uso_solo,pessoas,mortos,feridos_leves,feridos_graves,ilesos,ignorados,feridos,veiculos,latitude,longitude,regional,delegacia,uop,geometry
236092,2019-09-17,terça-feira,11:50:00,PB,101,"88,9",JOAO PESSOA,Falta de Atenção do Pedestre,Atropelamento de Pedestre,Com Vítimas Feridas,Pleno dia,Decrescente,Nublado,Dupla,Desvio Temporário,Sim,2,0,0,1,1,0,1,1,"-7,173832","-34,89837",SR-PB,DEL14/1,UOP01/PB,
236234,2019-09-18,quarta-feira,06:40:00,PB,101,89,JOAO PESSOA,Falta de Atenção à Condução,Colisão traseira,Com Vítimas Feridas,Pleno dia,Crescente,Céu Claro,Dupla,Reta,Sim,2,0,1,0,1,0,1,2,"-7,171069","-34,89765",SR-PB,DEL14/1,UOP01/PB,
236446,2019-09-19,quinta-feira,07:00:00,PB,230,"27,5",JOAO PESSOA,Não guardar distância de segurança,Colisão traseira,Sem Vítimas,Pleno dia,Crescente,Céu Claro,Dupla,Reta,Sim,2,0,0,0,2,0,0,2,"-7,1677","-34,8855",SR-PB,DEL14/1,UOP01/PB,
236660,2019-09-20,sexta-feira,06:40:00,PB,230,27,JOAO PESSOA,Não guardar distância de segurança,Engavetamento,Com Vítimas Feridas,Pleno dia,Crescente,Céu Claro,Dupla,Reta,Sim,6,0,1,0,5,0,1,6,"-7,1677","-34,8855",SR-PB,DEL14/1,UOP01/PB,
236698,2019-08-30,sexta-feira,15:50:00,PB,230,16,JOAO PESSOA,Falta de Atenção à Condução,Colisão traseira,Com Vítimas Feridas,Pleno dia,Crescente,Céu Claro,Dupla,Reta,Sim,3,0,2,0,1,0,2,2,"-7,100935","-34,84773",SR-PB,DEL14/1,UOP01/PB,
236733,2019-09-20,sexta-feira,13:15:00,PB,230,"17,1",JOAO PESSOA,Não guardar distância de segurança,Colisão traseira,Sem Vítimas,Pleno dia,Decrescente,Sol,Dupla,Reta,Sim,3,0,0,0,3,0,0,3,"-7,1121","-34,8426",SR-PB,DEL14/1,UOP01/PB,
236737,2019-09-20,sexta-feira,13:50:00,PB,230,19,JOAO PESSOA,Falta de Atenção à Condução,Colisão traseira,Sem Vítimas,Pleno dia,Decrescente,Céu Claro,Dupla,Reta,Sim,4,0,0,0,4,0,0,4,"-7,1281","-34,8466",SR-PB,DEL14/1,UOP01/PB,
237585,2019-09-23,segunda-feira,17:15:00,PB,230,"26,5",JOAO PESSOA,Não guardar distância de segurança,Colisão lateral,Com Vítimas Feridas,Anoitecer,Crescente,Céu Claro,Dupla,Reta,Sim,3,0,0,1,2,0,1,2,"-7,167705","-34,88516",SR-PB,DEL14/1,UOP01/PB,
237680,2019-09-24,terça-feira,07:45:00,PB,230,"21,1",JOAO PESSOA,Desobediência às normas de trânsito pelo condutor,Colisão traseira,Com Vítimas Feridas,Pleno dia,Decrescente,Céu Claro,Dupla,Reta,Sim,2,0,1,0,1,0,1,2,"-7,1415","-34,8519",SR-PB,DEL14/1,UOP01/PB,
237741,2019-05-25,sábado,20:30:00,PB,101,"88,9",JOAO PESSOA,Ingestão de Álcool,Colisão lateral,Com Vítimas Feridas,Plena Noite,Crescente,Chuva,Dupla,Reta,Sim,6,0,1,1,4,0,2,2,"-7,171069","-34,89765",SR-PB,DEL14/1,UOP01/PB,
237781,2019-09-24,terça-feira,18:00:00,PB,230,"18,3",JOAO PESSOA,Não guardar distância de segurança,Engavetamento,Sem Vítimas,Plena Noite,Decrescente,Céu Claro,Dupla,Reta,Não,4,0,0,0,4,0,0,4,"-7,1198","-34,8453",SR-PB,DEL14/1,UOP01/PB,
238250,2019-09-26,quinta-feira,15:30:00,PB,230,18,JOAO PESSOA,Falta de Atenção à Condução,Colisão traseira,Com Vítimas Feridas,Pleno dia,Decrescente,Céu Claro,Dupla,Reta,Não,2,0,1,0,1,0,1,2,"-7,1198","-34,8453",SR-PB,DEL14/1,UOP01/PB,
238256,2019-09-26,quinta-feira,15:35:00,PB,101,89,JOAO PESSOA,Falta de Atenção à Condução,Colisão traseira,Com Vítimas Feridas,Pleno dia,Crescente,Céu Claro,Múltipla,Reta,Sim,2,0,1,0,1,0,1,2,"-7,171069","-34,89765",SR-PB,DEL14/1,UOP01/PB,
238418,2019-09-27,sexta-feira,08:00:00,PB,230,"29,9",JOAO PESSOA,Desobediência às normas de trânsito pelo condutor,Colisão traseira,Com Vítimas Feridas,Pleno dia,Decrescente,Nublado,Dupla,Curva,Sim,2,0,2,0,0,0,2,2,"-7,13478","-34,85436",SR-PB,DEL14/1,UOP01/PB,
238419,2019-09-27,sexta-feira,08:40:00,PB,230,24,JOAO PESSOA,Não guardar distância de segurança,Colisão lateral,Com Vítimas Feridas,Pleno dia,Decrescente,Sol,Dupla,Desvio Temporário,Sim,3,0,1,0,2,0,1,3,"-7,1637","-34,8618",SR-PB,DEL14/1,UOP01/PB,
238527,2019-09-27,sexta-feira,18:15:00,PB,101,"89,8",JOAO PESSOA,Desobediência às normas de trânsito pelo condutor,Colisão lateral,Com Vítimas Feridas,Plena Noite,Crescente,Nublado,Dupla,Desvio Temporário,Sim,3,0,2,0,1,0,2,2,"-7,171069","-34,89765",SR-PB,DEL14/1,UOP01/PB,
238643,2019-09-28,sábado,09:20:00,PB,230,17,JOAO PESSOA,Falta de Atenção à Condução,Colisão transversal,Com Vítimas Feridas,Pleno dia,Crescente,Céu Claro,Dupla,Não Informado,Sim,4,0,1,1,2,0,2,3,"-7,1121","-34,8426",SR-PB,DEL14/1,UOP01/PB,
238743,2019-09-28,sábado,19:15:00,PB,230,"16,9",JOAO PESSOA,Falta de Atenção do Pedestre,Atropelamento de Pedestre,Com Vítimas Feridas,Plena Noite,Decrescente,Céu Claro,Dupla,Reta,Sim,2,0,0,2,0,0,2,1,"-7,1039","-34,8458",SR-PB,DEL14/1,UOP01/PB,
239105,2019-09-30,segunda-feira,07:10:00,PB,230,26,JOAO PESSOA,Não guardar distância de segurança,Colisão traseira,Com Vítimas Feridas,Pleno dia,Crescente,Sol,Dupla,Não Informado,Sim,4,0,1,0,3,0,1,4,"-7,1693","-34,8782",SR-PB,DEL14/1,UOP01/PB,
239374,2019-10-01,terça-feira,11:50:00,PB,230,22,JOAO PESSOA,Falta de Atenção à Condução,Colisão com objeto estático,Com Vítimas Feridas,Pleno dia,Decrescente,Céu Claro,Dupla,Reta,Sim,1,0,1,0,0,0,1,1,"-7,1495","-34,8517",SR-PB,DEL14/1,UOP01/PB,
239864,2019-10-03,quinta-feira,11:00:00,PB,101,90,JOAO PESSOA,Falta de Atenção à Condução,Colisão lateral,Sem Vítimas,Pleno dia,Crescente,Céu Claro,Dupla,Curva,Sim,2,0,0,0,2,0,0,2,"-7,179652","-34,90042",SR-PB,DEL14/1,UOP01/PB,
239912,2019-10-03,quinta-feira,17:52:00,PB,230,"20,8",JOAO PESSOA,Não guardar distância de segurança,Colisão traseira,Com Vítimas Feridas,Plena Noite,Crescente,Nublado,Dupla,Reta,Sim,3,0,2,0,0,1,2,2,"-7,1337","-34,8544",SR-PB,DEL14/1,UOP01/PB,
240010,2019-10-04,sexta-feira,08:25:00,PB,230,"23,8",JOAO PESSOA,Falta de Atenção à Condução,Colisão traseira,Com Vítimas Feridas,Pleno dia,Decrescente,Céu Claro,Dupla,Reta,Sim,2,0,1,0,1,0,1,2,"-7,1562","-34,8574",SR-PB,DEL14/1,UOP01/PB,
240119,2019-10-04,sexta-feira,18:00:00,PB,230,18,JOAO PESSOA,Falta de Atenção à Condução,Colisão traseira,Com Vítimas Feridas,Plena Noite,Decrescente,Céu Claro,Dupla,Reta,Sim,3,0,1,0,2,0,1,2,"-7,1198","-34,8453",SR-PB,DEL14/1,UOP01/PB,
240126,2019-10-04,sexta-feira,19:00:00,PB,230,15,JOAO PESSOA,Desobediência às normas de trânsito pelo condutor,Colisão transversal,Com Vítimas Feridas,Anoitecer,Crescente,Céu Claro,Dupla,Reta,Sim,2,0,0,1,1,0,1,2,"-7,093","-34,8482",SR-PB,DEL14/1,UOP01/PB,
240856,2019-10-07,segunda-feira,16:30:00,PB,230,28,JOAO PESSOA,Avarias e/ou desgaste excessivo no pneu,Engavetamento,Com Vítimas Feridas,Pleno dia,Crescente,Céu Claro,Dupla,Reta,Não,3,0,1,0,2,0,1,3,"-7,1651","-34,8941",SR-PB,DEL14/1,UOP01/PB,
240962,2019-10-08,terça-feira,07:32:00,PB,230,23,JOAO PESSOA,Falta de Atenção à Condução,Colisão traseira,Com Vítimas Feridas,Pleno dia,Crescente,Céu Claro,Dupla,Reta,Sim,2,0,1,0,1,0,1,2,"-7,1562","-34,8574",SR-PB,DEL14/1,UOP01/PB,
241005,2019-10-08,terça-feira,12:15:00,PB,101,89,JOAO PESSOA,Desobediência às normas de trânsito pelo condutor,Colisão transversal,Com Vítimas Feridas,Pleno dia,Decrescente,Sol,Múltipla,Reta,Sim,4,0,3,0,1,0,3,2,"-7,177989","-34,89963",SR-PB,DEL14/1,UOP01/PB,
241074,2019-10-08,terça-feira,19:00:00,PB,230,"17,7",JOAO PESSOA,Desobediência às normas de trânsito pelo condutor,Colisão traseira,Com Vítimas Feridas,Plena Noite,Crescente,Nublado,Múltipla,Retorno Regulamentado,Sim,2,0,1,0,1,0,1,2,"-7,1121","-34,8426",SR-PB,DEL14/1,UOP01/PB,
241309,2019-10-09,quarta-feira,21:10:00,PB,230,"18,1",JOAO PESSOA,Desobediência às normas de trânsito pelo condutor,Colisão lateral,Sem Vítimas,Plena Noite,Decrescente,Nublado,Dupla,Reta,Sim,2,0,0,0,2,0,0,2,"-7,121163","-34,8449",SR-PB,DEL14/1,UOP01/PB,
241459,2019-10-10,quinta-feira,17:50:00,PB,230,"23,8",JOAO PESSOA,Não guardar distância de segurança,Colisão traseira,Com Vítimas Feridas,Anoitecer,Decrescente,Nublado,Dupla,Viaduto,Sim,5,0,3,0,2,0,3,3,"-7,1637","-34,8618",SR-PB,DEL14/1,UOP01/PB,
241678,2019-10-11,sexta-feira,17:09:00,PB,230,19,JOAO PESSOA,Não guardar distância de segurança,Colisão traseira,Com Vítimas Feridas,Anoitecer,Crescente,Céu Claro,Dupla,Reta,Sim,3,0,2,0,1,0,2,2,"-7,1281","-34,8466",SR-PB,DEL14/1,UOP01/PB,
241704,2019-10-11,sexta-feira,17:35:00,PB,230,26,JOAO PESSOA,Falta de Atenção à Condução,Colisão traseira,Com Vítimas Feridas,Anoitecer,Decrescente,Céu Claro,Dupla,Reta,Sim,3,0,0,1,2,0,1,2,"-7,1693","-34,8782",SR-PB,DEL14/1,UOP01/PB,
241785,2019-10-11,sexta-feira,22:55:00,PB,230,"27,8",JOAO PESSOA,Ingestão de Álcool,Colisão com objeto estático,Sem Vítimas,Plena Noite,Decrescente,Nublado,Dupla,Curva,Sim,2,0,0,0,1,1,0,2,"-7,1677","-34,8855",SR-PB,DEL14/1,UOP01/PB,
242014,2019-10-12,sábado,22:00:00,PB,101,"88,5",JOAO PESSOA,Ingestão de Álcool,Colisão frontal,Com Vítimas Feridas,Plena Noite,Crescente,Céu Claro,Dupla,Curva,Sim,2,0,2,0,0,0,2,2,"-7,164938","-34,89835",SR-PB,DEL14/1,UOP01/PB,
242157,2019-10-13,domingo,15:40:00,PB,101,"88,9",JOAO PESSOA,Velocidade Incompatível,Colisão com objeto estático,Sem Vítimas,Pleno dia,Decrescente,Nublado,Simples,Curva,Não,1,0,0,0,1,0,0,1,"-7,1647","-34,89994",SR-PB,DEL14/1,UOP01/PB,
242218,2019-10-13,domingo,16:19:00,PB,101,88,JOAO PESSOA,Ingestão de Álcool,Tombamento,Com Vítimas Feridas,Pleno dia,Crescente,Chuva,Simples,Reta,Sim,1,0,1,0,0,0,1,1,"-7,1647","-34,89994",SR-PB,DEL14/1,UOP01/PB,
242972,2019-10-17,quinta-feira,14:19:00,PB,230,27,JOAO PESSOA,Falta de Atenção à Condução,Saída de leito carroçável,Sem Vítimas,Pleno dia,Crescente,Sol,Dupla,Reta,Sim,1,0,0,0,1,0,0,1,"-7,1677","-34,8855",SR-PB,DEL14/1,UOP01/PB,
243015,2019-10-17,quinta-feira,18:10:00,PB,230,26,JOAO PESSOA,Desobediência às normas de trânsito pelo condutor,Colisão lateral,Com Vítimas Feridas,Plena Noite,Crescente,Céu Claro,Dupla,Interseção de vias,Sim,2,0,2,0,0,0,2,2,"-7,1693","-34,8782",SR-PB,DEL14/1,UOP01/PB,
243342,2019-10-18,sexta-feira,23:10:00,PB,230,"23,5",JOAO PESSOA,Falta de Atenção à Condução,Colisão traseira,Sem Vítimas,Plena Noite,Decrescente,Nublado,Dupla,Interseção de vias,Sim,2,0,0,0,1,1,0,2,"-7,163032","-34,86129",SR-PB,DEL14/1,UOP01/PB,
243976,2019-10-20,domingo,07:00:00,PB,101,89,JOAO PESSOA,Desobediência às normas de trânsito pelo condutor,Colisão traseira,Com Vítimas Feridas,Pleno dia,Crescente,Sol,Múltipla,Retorno Regulamentado,Sim,1,0,1,0,0,0,1,1,"-7,10958","-34,87644",SR-PB,DEL14/1,UOP01/PB,
244039,2019-10-20,domingo,13:00:00,PB,230,15,JOAO PESSOA,Não guardar distância de segurança,Engavetamento,Com Vítimas Feridas,Pleno dia,Decrescente,Céu Claro,Dupla,Não Informado,Sim,4,0,2,0,0,2,2,3,"-7,093","-34,8482",SR-PB,DEL14/1,UOP01/PB,
244247,2019-10-21,segunda-feira,11:10:00,PB,101,88,JOAO PESSOA,Falta de Atenção à Condução,Colisão lateral,Com Vítimas Feridas,Pleno dia,Crescente,Céu Claro,Dupla,Interseção de vias,Sim,2,0,1,0,1,0,1,2,"-7,1647","-34,89994",SR-PB,DEL14/1,UOP01/PB,
244423,2019-09-21,sábado,11:15:00,PB,230,"17,9",JOAO PESSOA,Restrição de Visibilidade,Atropelamento de Pedestre,Com Vítimas Fatais,Pleno dia,Crescente,Céu Claro,Dupla,Reta,Sim,3,1,0,0,1,1,0,1,"-7,122483","-34,84519",SR-PB,DEL14/1,UOP01/PB,
244615,2019-10-23,quarta-feira,11:00:00,PB,230,"27,9",JOAO PESSOA,Falta de Atenção à Condução,Colisão traseira,Com Vítimas Feridas,Pleno dia,Crescente,Céu Claro,Dupla,Reta,Sim,3,0,2,0,0,1,2,2,"-7,1677","-34,8855",SR-PB,DEL14/1,UOP01/PB,
244993,2019-10-25,sexta-feira,12:00:00,PB,230,27,JOAO PESSOA,Falta de Atenção à Condução,Colisão traseira,Sem Vítimas,Pleno dia,Crescente,Céu Claro,Dupla,Não Informado,Sim,2,0,0,0,2,0,0,2,"-7,1677","-34,8855",SR-PB,DEL14/1,UOP01/PB,
245086,2019-10-25,sexta-feira,19:10:00,PB,230,"27,1",JOAO PESSOA,Ingestão de Álcool,Tombamento,Com Vítimas Feridas,Pleno dia,Decrescente,Nublado,Dupla,Reta,Sim,1,0,1,0,0,0,1,1,"-7,1677","-34,8855",SR-PB,DEL14/1,UOP01/PB,
245437,2019-10-26,sábado,05:15:00,PB,230,"18,9",JOAO PESSOA,Desobediência às normas de trânsito pelo condutor,Saída de leito carroçável,Sem Vítimas,Amanhecer,Decrescente,Céu Claro,Dupla,Curva,Não,2,0,0,0,1,1,0,1,"-7,1198","-34,8453",SR-PB,DEL14/1,UOP01/PB,
245583,2019-10-27,domingo,19:50:00,PB,101,"92,2",JOAO PESSOA,Falta de Atenção à Condução,Colisão traseira,Com Vítimas Feridas,Plena Noite,Decrescente,Céu Claro,Dupla,Retorno Regulamentado,Sim,6,0,1,4,1,0,5,2,"-7,202996","-34,90772",SR-PB,DEL14/1,UOP01/PB,
245968,2019-10-29,terça-feira,19:20:00,PB,230,15,JOAO PESSOA,Falta de Atenção à Condução,Colisão traseira,Com Vítimas Feridas,Plena Noite,Decrescente,Céu Claro,Dupla,Não Informado,Sim,4,0,1,0,3,0,1,4,"-7,093","-34,8482",SR-PB,DEL14/1,UOP01/PB,
245969,2019-10-29,terça-feira,19:21:00,PB,230,15,JOAO PESSOA,Não guardar distância de segurança,Colisão traseira,Com Vítimas Feridas,Plena Noite,Decrescente,Céu Claro,Dupla,Viaduto,Sim,2,0,1,0,0,1,1,2,"-7,098193","-34,84779",SR-PB,DEL14/1,UOP01/PB,
246039,2019-10-30,quarta-feira,07:00:00,PB,230,"23,7",JOAO PESSOA,Falta de Atenção à Condução,Colisão traseira,Com Vítimas Feridas,Pleno dia,Decrescente,Sol,Dupla,Reta,Sim,2,0,1,0,1,0,1,2,"-7,1562","-34,8574",SR-PB,DEL14/1,UOP01/PB,
246102,2019-10-30,quarta-feira,13:45:00,PB,230,"27,9",JOAO PESSOA,Desobediência às normas de trânsito pelo condutor,Colisão lateral,Com Vítimas Feridas,Pleno dia,Decrescente,Céu Claro,Dupla,Curva,Sim,2,0,0,1,0,1,1,2,"-7,1677","-34,8855",SR-PB,DEL14/1,UOP01/PB,
246210,2019-10-30,quarta-feira,23:30:00,PB,230,"20,4",JOAO PESSOA,Velocidade Incompatível,Saída de leito carroçável,Sem Vítimas,Plena Noite,Decrescente,Céu Claro,Dupla,Reta,Sim,1,0,0,0,0,1,0,1,"-7,1337","-34,8544",SR-PB,DEL14/1,UOP01/PB,
246255,2019-10-31,quinta-feira,09:00:00,PB,230,26,JOAO PESSOA,Defeito na Via,Atropelamento de Pedestre,Com Vítimas Feridas,Pleno dia,Decrescente,Sol,Dupla,Reta,Sim,2,0,0,2,0,0,2,1,"-7,1693","-34,8782",SR-PB,DEL14/1,UOP01/PB,
246491,2019-11-01,sexta-feira,12:15:00,PB,230,16,JOAO PESSOA,Não guardar distância de segurança,Colisão traseira,Com Vítimas Feridas,Pleno dia,Decrescente,Sol,Dupla,Reta,Sim,3,0,1,0,2,0,1,2,"-7,109086","-34,84318",SR-PB,DEL14/1,UOP01/PB,
246541,2019-11-01,sexta-feira,16:00:00,PB,230,18,JOAO PESSOA,Não guardar distância de segurança,Colisão traseira,Com Vítimas Feridas,Pleno dia,Crescente,Céu Claro,Dupla,Reta,Não,3,0,2,0,1,0,2,2,"-7,1198","-34,8453",SR-PB,DEL14/1,UOP01/PB,
246654,2019-11-02,sábado,00:55:00,PB,230,17,JOAO PESSOA,Falta de Atenção à Condução,Colisão com objeto estático,Sem Vítimas,Plena Noite,Crescente,Céu Claro,Dupla,Não Informado,Sim,1,0,0,0,1,0,0,1,"-7,1121","-34,8426",SR-PB,DEL14/1,UOP01/PB,
246930,2019-11-03,domingo,12:40:00,PB,230,23,JOAO PESSOA,Defeito Mecânico no Veículo,Tombamento,Com Vítimas Feridas,Pleno dia,Crescente,Céu Claro,Dupla,Reta,Sim,2,0,0,2,0,0,2,1,"-7,169387","-34,86524",SR-PB,DEL14/1,UOP01/PB,
247663,2019-11-07,quinta-feira,05:20:00,PB,230,"24,9",JOAO PESSOA,Desobediência às normas de trânsito pelo condutor,Colisão traseira,Com Vítimas Feridas,Pleno dia,Decrescente,Céu Claro,Dupla,Curva,Sim,4,0,0,1,2,1,1,3,"-7,1637","-34,8618",SR-PB,DEL14/1,UOP01/PB,
247696,2019-11-07,quinta-feira,06:55:00,PB,101,"87,1",JOAO PESSOA,Falta de Atenção à Condução,Colisão traseira,Com Vítimas Feridas,Pleno dia,Crescente,Céu Claro,Dupla,Reta,Sim,3,0,1,0,1,1,1,3,"-7,164001","-34,89666",SR-PB,DEL14/1,UOP01/PB,
248169,2019-11-09,sábado,08:50:00,PB,230,27,JOAO PESSOA,Não guardar distância de segurança,Engavetamento,Com Vítimas Feridas,Pleno dia,Crescente,Céu Claro,Dupla,Reta,Sim,4,0,1,0,3,0,1,4,"-7,1677","-34,8855",SR-PB,DEL14/1,UOP01/PB,
248223,2019-11-09,sábado,15:25:00,PB,101,88,JOAO PESSOA,Falta de Atenção à Condução,Queda de ocupante de veículo,Com Vítimas Feridas,Pleno dia,Decrescente,Céu Claro,Dupla,Curva,Sim,1,0,1,0,0,0,1,1,"-7,1647","-34,89994",SR-PB,DEL14/1,UOP01/PB,
248234,2019-11-09,sábado,16:05:00,PB,230,26,JOAO PESSOA,Falta de Atenção à Condução,Colisão com objeto estático,Com Vítimas Feridas,Pleno dia,Crescente,Céu Claro,Dupla,Reta,Sim,1,0,1,0,0,0,1,1,"-7,1693","-34,8782",SR-PB,DEL14/1,UOP01/PB,
248475,2019-11-10,domingo,15:20:00,PB,230,28,JOAO PESSOA,Não guardar distância de segurança,Colisão traseira,Sem Vítimas,Pleno dia,Crescente,Sol,Dupla,Reta,Sim,3,0,0,0,3,0,0,3,"-7,1651","-34,8941",SR-PB,DEL14/1,UOP01/PB,
248819,2019-11-11,segunda-feira,14:40:00,PB,230,"18,9",JOAO PESSOA,Falta de Atenção à Condução,Atropelamento de Pedestre,Com Vítimas Feridas,Pleno dia,Crescente,Céu Claro,Dupla,Reta,Sim,1,0,1,0,0,0,1,1,"-7,1198","-34,8453",SR-PB,DEL14/1,UOP01/PB,
249325,2019-11-14,quinta-feira,06:50:00,PB,230,"20,5",JOAO PESSOA,Objeto estático sobre o leito carroçável,Colisão com objeto estático,Com Vítimas Feridas,Pleno dia,Decrescente,Céu Claro,Dupla,Reta,Sim,2,0,2,0,0,0,2,1,"-7,1337","-34,8544",SR-PB,DEL14/1,UOP01/PB,
249883,2019-11-16,sábado,10:45:00,PB,230,"26,8",JOAO PESSOA,Condutor Dormindo,Saída de leito carroçável,Com Vítimas Feridas,Pleno dia,Crescente,Céu Claro,Dupla,Desvio Temporário,Sim,1,0,1,0,0,0,1,1,"-7,168313","-34,88374",SR-PB,DEL14/1,UOP01/PB,
250173,2019-11-17,domingo,17:40:00,PB,230,"24,7",JOAO PESSOA,Falta de Atenção à Condução,Colisão lateral,Com Vítimas Feridas,Anoitecer,Decrescente,Céu Claro,Múltipla,Interseção de vias,Sim,4,0,2,0,2,0,2,3,"-7,1637","-34,8618",SR-PB,DEL14/1,UOP01/PB,
250222,2019-11-17,domingo,20:30:00,PB,230,26,JOAO PESSOA,Falta de Atenção à Condução,Queda de ocupante de veículo,Com Vítimas Feridas,Plena Noite,Decrescente,Céu Claro,Dupla,Reta,Sim,1,0,1,0,0,0,1,1,"-7,1693","-34,8782",SR-PB,DEL14/1,UOP01/PB,
250308,2019-11-18,segunda-feira,06:30:00,PB,230,23,JOAO PESSOA,Não guardar distância de segurança,Colisão traseira,Com Vítimas Feridas,Pleno dia,Decrescente,Sol,Simples,Reta,Não,3,0,2,0,1,0,2,2,"-7,1562","-34,8574",SR-PB,DEL14/1,UOP01/PB,
250461,2019-11-18,segunda-feira,19:00:00,PB,101,"87,8",JOAO PESSOA,Falta de Atenção à Condução,Colisão transversal,Com Vítimas Feridas,Plena Noite,Decrescente,Nublado,Dupla,Reta,Sim,4,0,2,0,2,0,2,2,"-7,179968","-34,90011",SR-PB,DEL14/1,UOP01/PB,
251055,2019-11-21,quinta-feira,19:40:00,PB,230,"24,2",JOAO PESSOA,Restrição de Visibilidade,Colisão traseira,Sem Vítimas,Plena Noite,Decrescente,Céu Claro,Dupla,Não Informado,Sim,2,0,0,0,2,0,0,2,"-7,1653","-34,86264",SR-PB,DEL14/1,UOP01/PB,
251630,2019-11-24,domingo,15:40:00,PB,101,"91,2",JOAO PESSOA,Ultrapassagem Indevida,Tombamento,Com Vítimas Feridas,Pleno dia,Crescente,Céu Claro,Dupla,Reta,Sim,3,0,2,0,0,1,2,2,"-7,188264","-34,90308",SR-PB,DEL14/1,UOP01/PB,
251638,2019-11-24,domingo,17:01:00,PB,230,15,JOAO PESSOA,Ingestão de Álcool,Colisão com objeto estático,Com Vítimas Feridas,Pleno dia,Crescente,Céu Claro,Dupla,Não Informado,Sim,1,0,1,0,0,0,1,1,"-7,093","-34,8482",SR-PB,DEL14/1,UOP01/PB,
251970,2019-11-26,terça-feira,05:40:00,PB,101,89,JOAO PESSOA,Pista Escorregadia,Tombamento,Com Vítimas Feridas,Pleno dia,Decrescente,Nublado,Simples,Curva,Sim,2,0,2,0,0,0,2,1,"-7,165678","-34,89448",SR-PB,DEL14/1,UOP01/PB,
251971,2019-11-26,terça-feira,05:50:00,PB,101,89,JOAO PESSOA,Pista Escorregadia,Tombamento,Com Vítimas Feridas,Pleno dia,Decrescente,Nublado,Simples,Não Informado,Sim,1,0,1,0,0,0,1,1,"-7,1651","-34,8941",SR-PB,DEL14/1,UOP01/PB,
252269,2019-11-27,quarta-feira,17:45:00,PB,101,"88,3",JOAO PESSOA,Desobediência às normas de trânsito pelo condutor,Colisão lateral,Com Vítimas Feridas,Pleno dia,Crescente,Céu Claro,Dupla,Reta,Sim,2,0,1,0,1,0,1,2,"-7,1647","-34,89994",SR-PB,DEL14/1,UOP01/PB,
252273,2019-11-27,quarta-feira,18:05:00,PB,230,21,JOAO PESSOA,Falta de Atenção do Pedestre,Colisão traseira,Com Vítimas Feridas,Plena Noite,Decrescente,Céu Claro,Dupla,Reta,Sim,2,0,1,0,1,0,1,2,"-7,1415","-34,8519",SR-PB,DEL14/1,UOP01/PB,
252340,2019-11-28,quinta-feira,05:50:00,PB,230,"24,8",JOAO PESSOA,Avarias e/ou desgaste excessivo no pneu,Tombamento,Com Vítimas Feridas,Pleno dia,Decrescente,Céu Claro,Dupla,Curva,Sim,2,0,2,0,0,0,2,1,"-7,169924","-34,8655",SR-PB,DEL14/1,UOP01/PB,
252525,2019-11-28,quinta-feira,22:30:00,PB,230,"22,7",JOAO PESSOA,Desobediência às normas de trânsito pelo condutor,Colisão traseira,Com Vítimas Feridas,Plena Noite,Crescente,Céu Claro,Dupla,Reta,Sim,4,0,2,1,0,1,3,3,"-7,1495","-34,8517",SR-PB,DEL14/1,UOP01/PB,
252555,2019-11-29,sexta-feira,04:51:00,PB,230,26,JOAO PESSOA,Animais na Pista,Atropelamento de Animal,Com Vítimas Feridas,Amanhecer,Decrescente,Céu Claro,Dupla,Reta,Sim,1,0,1,0,0,0,1,1,"-7,1693","-34,8782",SR-PB,DEL14/1,UOP01/PB,
252603,2019-11-29,sexta-feira,09:15:00,PB,230,24,JOAO PESSOA,Falta de Atenção à Condução,Colisão lateral,Com Vítimas Feridas,Pleno dia,Decrescente,Céu Claro,Dupla,Viaduto,Sim,2,0,0,1,0,1,1,2,"-7,1637","-34,8618",SR-PB,DEL14/1,UOP01/PB,
252624,2019-11-29,sexta-feira,10:20:00,PB,230,"27,7",JOAO PESSOA,Não guardar distância de segurança,Colisão traseira,Com Vítimas Feridas,Pleno dia,Crescente,Céu Claro,Dupla,Curva,Sim,2,0,1,0,1,0,1,2,"-7,1677","-34,8855",SR-PB,DEL14/1,UOP01/PB,
253282,2019-12-02,segunda-feira,07:00:00,PB,230,"22,1",JOAO PESSOA,Desobediência às normas de trânsito pelo condutor,Colisão traseira,Com Vítimas Feridas,Pleno dia,Decrescente,Céu Claro,Dupla,Reta,Sim,2,0,0,1,0,1,1,2,"-7,1495","-34,8517",SR-PB,DEL14/1,UOP01/PB,
253364,2019-09-06,sexta-feira,05:00:00,PB,101,"90,9",JOAO PESSOA,Não guardar distância de segurança,Colisão traseira,Com Vítimas Feridas,Amanhecer,Decrescente,Chuva,Dupla,Reta,Sim,2,0,1,0,1,0,1,2,"-7,18875","-34,9031",SR-PB,DEL14/1,UOP01/PB,
253449,2019-12-03,terça-feira,06:50:00,PB,101,"89,5",JOAO PESSOA,Falta de Atenção à Condução,Colisão traseira,Com Vítimas Feridas,Pleno dia,Decrescente,Céu Claro,Múltipla,Retorno Regulamentado,Sim,2,0,2,0,0,0,2,2,"-7,171069","-34,89765",SR-PB,DEL14/1,UOP01/PB,