id,data_inversa,dia_semana,horario,uf,br,km,municipio,causa_acidente,tipo_acidente,classificacao_acidente,fase_dia,sentido_via,condicao_metereologica,tipo_pista,tracado_via,uso_solo,pessoas,mortos,feridos_leves,feridos_graves,ilesos,ignorados,feridos,veiculos,latitude,longitude,regional,delegacia,uop,geometry
358492,2021-05-18,terça-feira,12:45:00,PB,101,"88,9",JOAO PESSOA,Condutor deixou de manter distância do veículo da frente,Engavetamento,Com Vítimas Feridas,Pleno dia,Crescente,Sol,Dupla,Não Informado,Sim,3,0,1,0,1,1,1,3,"-7,17295638","-34,89821705",SR-PB,UOP02,DEL01,
358591,2021-05-18,terça-feira,21:30:00,PB,230,"16,2",JOAO PESSOA,Animais na Pista,Atropelamento de Animal,Com Vítimas Feridas,Plena Noite,Crescente,Céu Claro,Dupla,Não Informado,Sim,4,0,1,0,2,1,1,3,"-7,1039","-34,8458",SR-PB,UOP01,DEL01,
358800,2021-05-20,quinta-feira,07:05:00,PB,101,"89,1",JOAO PESSOA,Pedestre cruzava a pista fora da faixa,Atropelamento de Pedestre,Com Vítimas Feridas,Pleno dia,Decrescente,Céu Claro,Dupla,Reta,Sim,2,0,0,1,0,1,1,1,"-7,1710694","-34,89765372",SR-PB,UOP02,DEL01,
358924,2021-05-20,quinta-feira,19:00:00,PB,230,26,JOAO PESSOA,Trafegar com motocicleta (ou similar) entre as faixas,Colisão traseira,Com Vítimas Feridas,Plena Noite,Decrescente,Céu Claro,Múltipla,Reta,Sim,2,0,1,0,1,0,1,2,"-7,1693","-34,8782",SR-PB,UOP01,DEL01,
358943,2021-05-20,quinta-feira,19:40:00,PB,230,26,JOAO PESSOA,Animais na Pista,Atropelamento de Animal,Com Vítimas Feridas,Plena Noite,Decrescente,Céu Claro,Dupla,Reta,Sim,1,0,0,1,0,0,1,1,"-7,1693","-34,8782",SR-PB,UOP01,DEL01,
359020,2021-05-21,sexta-feira,08:40:00,PB,230,22,JOAO PESSOA,Reação tardia ou ineficiente do condutor,Colisão com objeto,Com Vítimas Feridas,Pleno dia,Decrescente,Céu Claro,Dupla,Reta,Sim,2,0,0,1,1,0,1,2,"-7,1495","-34,8517",SR-PB,UOP01,DEL01,
359026,2021-05-21,sexta-feira,09:10:00,PB,230,21,JOAO PESSOA,Animais na Pista,Atropelamento de Animal,Com Vítimas Feridas,Pleno dia,Crescente,Sol,Dupla,Reta,Sim,1,0,0,1,0,0,1,1,"-7,1415","-34,8519",SR-PB,UOP01,DEL01,
359243,2021-05-22,sábado,09:30:00,PB,230,"26,9",JOAO PESSOA,Condutor deixou de manter distância do veículo da frente,Colisão traseira,Com Vítimas Feridas,Pleno dia,Crescente,Sol,Dupla,Reta,Sim,3,0,0,2,1,0,2,2,"-7,16577977","-34,88929879",SR-PB,UOP01,DEL01,
359302,2021-05-22,sábado,15:45:00,PB,101,87,JOAO PESSOA,Ausência de reação do condutor,Colisão traseira,Com Vítimas Feridas,Pleno dia,Crescente,Sol,Dupla,Reta,Sim,2,0,1,0,0,1,1,1,"-7,16240429","-34,90297437",SR-PB,UOP01,DEL01,
359999,2021-05-26,quarta-feira,07:10:00,PB,230,18,JOAO PESSOA,Manobra de mudança de faixa,Colisão lateral mesmo sentido,Com Vítimas Feridas,Amanhecer,Crescente,Céu Claro,Dupla,Reta,Sim,2,0,1,0,0,1,1,2,"-7,12620946","-34,84541416",SR-PB,UOP01,DEL01,
360212,2021-05-27,quinta-feira,08:20:00,PB,230,26,JOAO PESSOA,Velocidade Incompatível,Colisão traseira,Sem Vítimas,Pleno dia,Crescente,Garoa/Chuvisco,Dupla,Não Informado,Sim,3,0,0,0,3,0,0,3,"-7,1693","-34,8782",SR-PB,UOP01,DEL01,
360223,2021-05-27,quinta-feira,08:20:00,PB,230,22,JOAO PESSOA,Trafegar com motocicleta (ou similar) entre as faixas,Queda de ocupante de veículo,Com Vítimas Feridas,Pleno dia,Decrescente,Céu Claro,Dupla,Reta,Sim,2,0,2,0,0,0,2,1,"-7,1495","-34,8517",SR-PB,UOP01,DEL01,
360498,2021-05-28,sexta-feira,17:00:00,PB,101,"87,3",JOAO PESSOA,Velocidade Incompatível,Colisão traseira,Com Vítimas Feridas,Plena Noite,Decrescente,Céu Claro,Dupla,Reta,Sim,3,0,1,1,0,1,2,2,"-7,1622","-34,9031",SR-PB,UOP01,DEL01,
360940,2021-05-30,domingo,07:27:00,PB,230,27,JOAO PESSOA,Conversão proibida,Engavetamento,Com Vítimas Feridas,Pleno dia,Crescente,Nublado,Dupla,Reta,Sim,3,0,0,1,2,0,1,3,"-7,1677","-34,8855",SR-PB,UOP01,DEL01,
361141,2021-05-01,sábado,23:00:00,PB,101,88,JOAO PESSOA,Ingestão de álcool pelo condutor,Colisão traseira,Sem Vítimas,Plena Noite,Crescente,Garoa/Chuvisco,Múltipla,Reta,Sim,2,0,0,0,2,0,0,2,"-7,165601","-34,89665",SR-PB,UOP01,DEL01,
361144,2021-05-31,segunda-feira,09:05:00,PB,230,22,JOAO PESSOA,Velocidade Incompatível,Colisão traseira,Sem Vítimas,Pleno dia,Decrescente,Nublado,Múltipla,Reta,Sim,3,0,0,0,2,1,0,3,"-7,1495","-34,8517",SR-PB,UOP01,DEL01,
361288,2021-05-31,segunda-feira,21:50:00,PB,230,"22,7",JOAO PESSOA,Condutor usando celular,Colisão com objeto,Com Vítimas Feridas,Plena Noite,Decrescente,Céu Claro,Dupla,Curva,Sim,1,0,1,0,0,0,1,1,"-7,1495","-34,8517",SR-PB,UOP01,DEL01,
361494,2021-06-02,quarta-feira,07:00:00,PB,101,89,JOAO PESSOA,Manobra de mudança de faixa,Colisão lateral mesmo sentido,Com Vítimas Feridas,Pleno dia,Crescente,Céu Claro,Dupla,Reta,Sim,2,0,0,1,0,1,1,2,"-7,1710694","-34,89765372",SR-PB,UOP02,DEL01,
361922,2021-06-04,sexta-feira,08:05:00,PB,230,23,JOAO PESSOA,Velocidade Incompatível,Colisão traseira,Com Vítimas Feridas,Pleno dia,Decrescente,Nublado,Dupla,Não Informado,Sim,4,0,2,0,2,0,2,3,"-7,1562","-34,8574",SR-PB,UOP01,DEL01,
362272,2021-06-05,sábado,19:50:00,PB,101,"91,1",JOAO PESSOA,Ausência de reação do condutor,Colisão traseira,Com Vítimas Feridas,Plena Noite,Crescente,Céu Claro,Dupla,Reta,Sim,2,0,1,0,0,1,1,2,"-7,18826412","-34,90308264",SR-PB,UOP02,DEL01,
362826,2021-06-08,terça-feira,10:55:00,PB,230,22,JOAO PESSOA,Ausência de reação do condutor,Colisão traseira,Com Vítimas Feridas,Pleno dia,Decrescente,Céu Claro,Dupla,Reta,Sim,3,0,1,0,2,0,1,3,"-7,1495","-34,8517",SR-PB,UOP01,DEL01,
363055,2021-06-09,quarta-feira,14:20:00,PB,230,"17,8",JOAO PESSOA,Ausência de reação do condutor,Colisão lateral mesmo sentido,Com Vítimas Feridas,Pleno dia,Decrescente,Sol,Dupla,Curva,Sim,2,0,1,0,0,1,1,2,"-7,118875","-34,844676",SR-PB,UOP01,DEL01,
363479,2021-06-11,sexta-feira,14:15:00,PB,230,88,JOAO PESSOA,Velocidade Incompatível,Colisão com objeto,Com Vítimas Feridas,Pleno dia,Decrescente,Céu Claro,Simples,Curva,Sim,2,0,0,2,0,0,2,1,"-7,16629772","-34,89481442",SR-PB,UOP03,DEL01,
363566,2021-06-11,sexta-feira,23:50:00,PB,230,20,JOAO PESSOA,Ingestão de álcool pelo condutor,Colisão com objeto,Com Vítimas Feridas,Plena Noite,Decrescente,Céu Claro,Dupla,Viaduto,Sim,1,0,1,0,0,0,1,1,"-7,1337","-34,8544",SR-PB,UOP01,DEL01,
364370,2021-06-15,terça-feira,14:40:00,PB,230,18,JOAO PESSOA,Entrada inopinada do pedestre,Atropelamento de Pedestre,Com Vítimas Fatais,Pleno dia,Crescente,Sol,Dupla,Reta,Sim,3,1,0,0,1,1,0,1,"-7,12090242","-34,84526932",SR-PB,UOP01,DEL01,
364371,2021-06-15,terça-feira,15:30:00,PB,230,24,JOAO PESSOA,Condutor deixou de manter distância do veículo da frente,Colisão lateral mesmo sentido,Com Vítimas Feridas,Pleno dia,Decrescente,Sol,Dupla,Não Informado,Sim,2,0,1,0,1,0,1,2,"-7,16635368","-34,86321593",SR-PB,UOP01,DEL01,
364388,2021-06-15,terça-feira,17:00:00,PB,230,18,JOAO PESSOA,Reação tardia ou ineficiente do condutor,Colisão traseira,Com Vítimas Feridas,Pleno dia,Decrescente,Céu Claro,Dupla,Reta,Sim,2,0,0,1,1,0,1,2,"-7,1198","-34,8453",SR-PB,UOP01,DEL01,
365267,2021-06-20,domingo,05:45:00,PB,230,23,JOAO PESSOA,Ingestão de álcool pelo condutor,Tombamento,Com Vítimas Feridas,Amanhecer,Crescente,Céu Claro,Dupla,Reta,Sim,1,0,1,0,0,0,1,1,"-7,1562","-34,8574",SR-PB,UOP01,DEL01,
365363,2021-06-20,domingo,16:40:00,PB,230,"27,8",JOAO PESSOA,Ingestão de álcool pelo condutor,Tombamento,Com Vítimas Feridas,Pleno dia,Crescente,Céu Claro,Simples,Interseção de vias,Sim,1,0,1,0,0,0,1,1,"-7,1677","-34,8855",SR-PB,UOP01,DEL01,
365457,2021-06-20,domingo,23:22:00,PB,230,27,JOAO PESSOA,Manobra de mudança de faixa,Colisão lateral mesmo sentido,Sem Vítimas,Plena Noite,Decrescente,Nublado,Dupla,Reta,Sim,3,0,0,0,2,1,0,2,"-7,1677","-34,8855",SR-PB,UOP01,DEL01,
365492,2021-06-21,segunda-feira,06:50:00,PB,230,23,JOAO PESSOA,Condutor deixou de manter distância do veículo da frente,Colisão traseira,Com Vítimas Feridas,Pleno dia,Decrescente,Sol,Dupla,Reta,Sim,4,0,2,0,2,0,2,3,"-7,1562","-34,8574",SR-PB,UOP01,DEL01,
365518,2021-06-21,segunda-feira,08:40:00,PB,230,25,JOAO PESSOA,Reação tardia ou ineficiente do condutor,Colisão traseira,Com Vítimas Feridas,Pleno dia,Decrescente,Sol,Dupla,Reta,Sim,2,0,1,0,1,0,1,2,"-7,1707","-34,8684",SR-PB,UOP01,DEL01,
365743,2021-06-22,terça-feira,12:20:00,PB,230,16,JOAO PESSOA,Condutor deixou de manter distância do veículo da frente,Colisão traseira,Com Vítimas Feridas,Pleno dia,Decrescente,Céu Claro,Dupla,Não Informado,Sim,3,0,1,0,0,2,1,3,"-7,1039","-34,8458",SR-PB,UOP01,DEL01,
365748,2021-06-22,terça-feira,13:52:00,PB,230,"16,3",JOAO PESSOA,Ausência de reação do condutor,Colisão traseira,Com Vítimas Feridas,Pleno dia,Decrescente,Sol,Dupla,Reta,Sim,2,0,0,1,1,0,1,2,"-7,1039","-34,8458",SR-PB,UOP01,DEL01,
366287,2021-06-25,sexta-feira,07:20:00,PB,230,"14,7",JOAO PESSOA,Condutor deixou de manter distância do veículo da frente,Colisão traseira,Com Vítimas Feridas,Pleno dia,Crescente,Céu Claro,Simples,Interseção de vias,Sim,3,0,1,1,1,0,2,2,"-7,0844","-34,8488",SR-PB,UOP01,DEL01,
366312,2021-06-25,sexta-feira,08:30:00,PB,230,"23,8",JOAO PESSOA,Condutor deixou de manter distância do veículo da frente,Colisão traseira,Com Vítimas Feridas,Pleno dia,Crescente,Sol,Dupla,Não Informado,Não,3,0,1,0,1,1,1,2,"-7,1562","-34,8574",SR-PB,UOP01,DEL01,
366960,2021-06-28,segunda-feira,07:55:00,PB,101,87,JOAO PESSOA,Demais falhas mecânicas ou elétricas,Tombamento,Com Vítimas Feridas,Pleno dia,Decrescente,Sol,Dupla,Reta,Sim,2,0,1,1,0,0,2,1,"-7,15886802","-34,90628504",SR-PB,UOP01,DEL01,
367328,2021-06-30,quarta-feira,08:45:00,PB,101,87,JOAO PESSOA,Ausência de reação do condutor,Engavetamento,Com Vítimas Feridas,Pleno dia,Decrescente,Nublado,Dupla,Reta,Sim,4,0,2,0,2,0,2,3,"-7,15886802","-34,90628504",SR-PB,UOP01,DEL01,
367342,2021-06-30,quarta-feira,09:50:00,PB,230,"24,7",JOAO PESSOA,Condutor deixou de manter distância do veículo da frente,Queda de ocupante de veículo,Com Vítimas Feridas,Pleno dia,Decrescente,Céu Claro,Dupla,Reta,Sim,2,0,0,1,1,0,1,1,"-7,1637","-34,8618",SR-PB,UOP01,DEL01,
367546,2021-06-25,sexta-feira,08:00:00,PB,230,22,JOAO PESSOA,Condutor deixou de manter distância do veículo da frente,Colisão traseira,Com Vítimas Feridas,Pleno dia,Decrescente,Céu Claro,Dupla,Reta,Não,2,0,1,0,1,0,1,2,"-7,1495","-34,8517",SR-PB,UOP01,DEL01,
369357,2021-06-18,sexta-feira,16:20:00,PB,230,16,JOAO PESSOA,Condutor deixou de manter distância do veículo da frente,Engavetamento,Com Vítimas Feridas,Pleno dia,Crescente,Nublado,Dupla,Não Informado,Sim,5,0,2,0,3,0,2,4,"-7,1039","-34,8458",SR-PB,UOP01,DEL01,
412194,2022-01-31,segunda-feira,16:45:00,PB,NA,NA,JOAO PESSOA,Velocidade Incompatível,Colisão com objeto,Com Vítimas Feridas,Pleno dia,Não Informado,Céu Claro,Simples,Reta,Sim,5,0,2,0,3,0,2,3,"-7,15886802",-34.90628504,SPRF-PB,DEL01-PB,UOP02-DEL01-PB,
420130,2022-03-12,sábado,13:40:00,PB,230,27,JOAO PESSOA,Carga excessiva e/ou mal acondicionada,Tombamento,Sem Vítimas,Pleno dia,Crescente,Céu Claro,Simples,Curva,Sim,3,0,0,0,1,2,0,1,"-7,1677",-34.8855,SPRF-PB,DEL01-PB,UOP01-DEL01-PB,
421200,2022-03-18,sexta-feira,02:40:00,PB,230,28,JOAO PESSOA,Carga excessiva e/ou mal acondicionada,Tombamento,Com Vítimas Feridas,Amanhecer,Crescente,Chuva,Dupla,Viaduto,Não,1,0,1,0,0,0,1,1,"-7,1651",-34.8941,SPRF-PB,DEL01-PB,UOP01-DEL01-PB,
423363,2022-03-29,terça-feira,07:55:00,PB,230,27,JOAO PESSOA,Trafegar com motocicleta (ou similar) entre as faixas,Colisão traseira,Com Vítimas Feridas,Pleno dia,Decrescente,Céu Claro,Múltipla,Não Informado,Sim,2,0,0,1,1,0,1,2,"-7,1677",-34.8855,SPRF-PB,DEL01-PB,UOP01-DEL01-PB,
423994,2022-04-01,sexta-feira,19:56:00,PB,230,24,JOAO PESSOA,Acessar a via sem observar a presença dos outros veículos,Colisão lateral mesmo sentido,Com Vítimas Fatais,Plena Noite,Decrescente,Céu Claro,Dupla,Não Informado,Sim,3,1,1,0,1,0,1,2,"-7,1637",-34.8618,SPRF-PB,DEL01-PB,UOP01-DEL01-PB,
445252,2022-04-22,sexta-feira,01:30:00,PB,101,93,JOAO PESSOA,Manobra de mudança de faixa,Colisão traseira,Sem Vítimas,Plena Noite,Crescente,Céu Claro,Dupla,Não Informado,Não,2,0,0,0,2,0,0,2,"-7,205825",-34.90879,SPRF-PB,DEL01-PB,UOP02-DEL01-PB,
446692,2022-04-29,sexta-feira,14:00:00,PB,101,"88,9",JOAO PESSOA,Manobra de mudança de faixa,Colisão lateral mesmo sentido,Com Vítimas Feridas,Pleno dia,Crescente,Céu Claro,Dupla,Reta,Sim,3,0,1,0,2,0,1,2,"-7,1708",-34.898626,SPRF-PB,DEL01-PB,UOP02-DEL01-PB,
447655,2022-05-04,quarta-feira,05:45:00,PB,230,"27,8",JOAO PESSOA,Manobra de mudança de faixa,Colisão traseira,Sem Vítimas,Pleno dia,Crescente,Garoa/Chuvisco,Dupla,Viaduto,Sim,3,0,0,0,3,0,0,2,"-7,1677",-34.8855,SPRF-PB,DEL01-PB,UOP01-DEL01-PB,
451012,2022-05-20,sexta-feira,22:00:00,PB,230,19,JOAO PESSOA,Manobra de mudança de faixa,Colisão lateral mesmo sentido,Sem Vítimas,Plena Noite,Crescente,Chuva,Dupla,Reta,Sim,2,0,0,0,2,0,0,2,"-7,1281",-34.8466,SPRF-PB,DEL01-PB,UOP01-DEL01-PB,
455146,2022-06-11,sábado,05:00:00,PB,101,86,JOAO PESSOA,Acessar a via sem observar a presença dos outros veículos,Colisão transversal,Com Vítimas Feridas,Amanhecer,Decrescente,Nublado,Dupla,Não Informado,Sim,2,0,0,1,1,0,1,2,"-7,1677",-34.8855,SPRF-PB,DEL01-PB,UOP01-DEL01-PB,
456345,2022-06-17,sexta-feira,12:40:00,PB,230,"17,3",JOAO PESSOA,Condutor deixou de manter distância do veículo da frente,Colisão lateral mesmo sentido,Sem Vítimas,Pleno dia,Decrescente,Céu Claro,Dupla,Reta,Sim,2,0,0,0,2,0,0,2,"-7,1121",-34.8426,SPRF-PB,DEL01-PB,UOP01-DEL01-PB,
459892,2022-07-05,terça-feira,17:30:00,PB,230,16,JOAO PESSOA,Ausência de reação do condutor,Colisão traseira,Com Vítimas Feridas,Anoitecer,Decrescente,Céu Claro,Dupla,Não Informado,Sim,4,0,2,0,2,0,2,4,"-7,10418038",-34.84560923,SPRF-PB,DEL01-PB,UOP01-DEL01-PB,
463950,2022-07-24,domingo,22:30:00,PB,101,94,JOAO PESSOA,Demais falhas mecânicas ou elétricas,Incêndio,Sem Vítimas,Plena Noite,Crescente,Garoa/Chuvisco,Dupla,Reta,Não,1,0,0,0,1,0,0,1,"-7,21483297",-34.9117521,SPRF-PB,DEL01-PB,UOP02-DEL01-PB,
464332,2022-07-27,quarta-feira,16:59:00,PB,101,"90,6",JOAO PESSOA,Acessar a via sem observar a presença dos outros veículos,Colisão lateral mesmo sentido,Com Vítimas Feridas,Anoitecer,Decrescente,Céu Claro,Dupla,Não Informado,Sim,3,0,1,1,0,1,2,2,"-7,179652",-34.900417,SPRF-PB,DEL01-PB,UOP02-DEL01-PB,
464358,2022-07-27,quarta-feira,19:35:00,PB,101,"90,7",JOAO PESSOA,Ausência de reação do condutor,Colisão traseira,Com Vítimas Feridas,Plena Noite,Decrescente,Céu Claro,Dupla,Não Informado,Sim,2,0,1,0,0,1,1,2,"-7,179652",-34.900417,SPRF-PB,DEL01-PB,UOP02-DEL01-PB,
464602,2022-07-29,sexta-feira,08:20:00,PB,230,"20,1",JOAO PESSOA,Reação tardia ou ineficiente do condutor,Engavetamento,Sem Vítimas,Pleno dia,Crescente,Nublado,Dupla,Não Informado,Sim,4,0,0,0,4,0,0,4,"-7,1369551",-34.85412352,SPRF-PB,DEL01-PB,UOP01-DEL01-PB,
466743,2022-08-08,segunda-feira,12:00:00,PB,230,"27,5",JOAO PESSOA,Demais falhas mecânicas ou elétricas,Tombamento,Sem Vítimas,Pleno dia,Decrescente,Céu Claro,Simples,Curva,Não,1,0,0,0,1,0,0,1,"-7,1651",-34.8941,SPRF-PB,DEL01-PB,UOP01-DEL01-PB,
470455,2022-08-26,sexta-feira,18:20:00,PB,101,87,JOAO PESSOA,Trafegar com motocicleta (ou similar) entre as faixas,Colisão lateral mesmo sentido,Com Vítimas Feridas,Plena Noite,Decrescente,Céu Claro,Múltipla,Viaduto,Sim,2,0,1,0,0,1,1,2,"-7,16552706",-34.89770528,SPRF-PB,DEL01-PB,UOP01-DEL01-PB,
405215,2022-01-01,sábado,08:00:00,PB,230,16,JOAO PESSOA,Ausência de reação do condutor,Colisão com objeto,Sem Vítimas,Pleno dia,Crescente,Sol,Dupla,Não Informado,Sim,2,0,0,0,0,2,0,1,"-7,1039",-34.8458,SPRF-PB,DEL01-PB,UOP01-DEL01-PB,
405323,2022-01-02,domingo,02:30:00,PB,230,"27,2",JOAO PESSOA,Transitar na contramão,Colisão frontal,Com Vítimas Fatais,Plena Noite,Decrescente,Céu Claro,Dupla,Reta,Sim,2,1,0,0,1,0,0,2,"-7,16568297",-34.88968134,SPRF-PB,DEL01-PB,UOP01-DEL01-PB,
405999,2022-01-05,quarta-feira,01:15:00,PB,230,"27,3",JOAO PESSOA,Ausência de reação do condutor,Colisão com objeto,Sem Vítimas,Plena Noite,Crescente,Chuva,Dupla,Curva,Sim,1,0,0,0,0,1,0,1,"-7,1677",-34.8855,SPRF-PB,DEL01-PB,UOP01-DEL01-PB,
407828,2022-01-10,segunda-feira,06:30:00,PB,230,18,JOAO PESSOA,Condutor deixou de manter distância do veículo da frente,Colisão traseira,Com Vítimas Feridas,Pleno dia,Decrescente,Sol,Dupla,Reta,Sim,3,0,1,0,1,1,1,2,"-7,1198",-34.8453,SPRF-PB,DEL01-PB,UOP01-DEL01-PB,
407841,2022-01-10,segunda-feira,07:20:00,PB,230,27,JOAO PESSOA,Trafegar com motocicleta (ou similar) entre as faixas,Colisão lateral mesmo sentido,Com Vítimas Feridas,Pleno dia,Crescente,Céu Claro,Dupla,Reta,Sim,1,0,1,0,0,0,1,1,"-7,1677",-34.8855,SPRF-PB,DEL01-PB,UOP01-DEL01-PB,
408172,2022-01-12,quarta-feira,07:25:00,PB,101,89,JOAO PESSOA,Demais falhas na via,Queda de ocupante de veículo,Com Vítimas Feridas,Pleno dia,Decrescente,Nublado,Dupla,Reta,Sim,2,0,2,0,0,0,2,1,"-7,1710694",-34.89765372,SPRF-PB,DEL01-PB,UOP02-DEL01-PB,
408515,2022-01-14,sexta-feira,07:20:00,PB,230,"21,6",JOAO PESSOA,Trafegar com motocicleta (ou similar) entre as faixas,Colisão lateral mesmo sentido,Com Vítimas Feridas,Pleno dia,Decrescente,Nublado,Dupla,Reta,Sim,3,0,1,0,1,1,1,3,"-7,1415",-34.8519,SPRF-PB,DEL01-PB,UOP01-DEL01-PB,
408745,2022-01-15,sábado,07:10:00,PB,101,89,JOAO PESSOA,Ausência de reação do condutor,Saída de leito carroçável,Com Vítimas Feridas,Pleno dia,Decrescente,Nublado,Múltipla,Não Informado,Sim,2,0,1,0,0,1,1,1,"-7,1710694",-34.89765372,SPRF-PB,DEL01-PB,UOP02-DEL01-PB,
409015,2022-01-16,domingo,15:20:00,PB,230,20,JOAO PESSOA,Reação tardia ou ineficiente do condutor,Saída de leito carroçável,Com Vítimas Feridas,Pleno dia,Decrescente,Céu Claro,Dupla,Reta,Sim,2,0,2,0,0,0,2,1,"-7,1337",-34.8544,SPRF-PB,DEL01-PB,UOP01-DEL01-PB,
409034,2022-01-16,domingo,17:00:00,PB,230,"22,5",JOAO PESSOA,Trafegar com motocicleta (ou similar) entre as faixas,Tombamento,Com Vítimas Feridas,Anoitecer,Decrescente,Sol,Dupla,Reta,Sim,1,0,1,0,0,0,1,1,"-7,1495",-34.8517,SPRF-PB,DEL01-PB,UOP01-DEL01-PB,
409941,2022-01-19,quarta-feira,21:50:00,PB,101,"86,8",JOAO PESSOA,Falta de elemento de contenção que evite a saída do leito carroçável,Saída de leito carroçável,Com Vítimas Feridas,Plena Noite,Decrescente,Céu Claro,Dupla,Curva,Sim,1,0,0,1,0,0,1,1,"-7,15118983",-34.91012184,SPRF-PB,DEL01-PB,UOP01-DEL01-PB,
410148,2022-01-21,sexta-feira,06:55:00,PB,230,"23,5",JOAO PESSOA,Ausência de reação do condutor,Colisão traseira,Com Vítimas Feridas,Pleno dia,Decrescente,Chuva,Dupla,Não Informado,Sim,3,0,1,0,2,0,1,2,"-7,16668028",-34.86349102,SPRF-PB,DEL01-PB,UOP01-DEL01-PB,
410526,2022-01-22,sábado,23:50:00,PB,230,25,JOAO PESSOA,Pista em desnível,Queda de ocupante de veículo,Com Vítimas Feridas,Plena Noite,Crescente,Céu Claro,Dupla,Viaduto,Sim,1,0,1,0,0,0,1,1,"-7,1707",-34.8684,SPRF-PB,DEL01-PB,UOP01-DEL01-PB,
410576,2022-01-23,domingo,04:50:00,PB,230,22,JOAO PESSOA,Velocidade Incompatível,Colisão com objeto,Com Vítimas Feridas,Amanhecer,Crescente,Céu Claro,Dupla,Reta,Sim,2,0,1,1,0,0,2,1,"-7,1495",-34.8517,SPRF-PB,DEL01-PB,UOP01-DEL01-PB,
411156,2022-01-21,sexta-feira,08:10:00,PB,230,25,JOAO PESSOA,Manobra de mudança de faixa,Colisão lateral mesmo sentido,Com Vítimas Feridas,Pleno dia,Decrescente,Céu Claro,Múltipla,Reta,Sim,3,0,1,0,1,1,1,2,"-7,16918201",-34.88051003,SPRF-PB,DEL01-PB,UOP01-DEL01-PB,
411274,2022-01-26,quarta-feira,17:05:00,PB,230,27,JOAO PESSOA,Reação tardia ou ineficiente do condutor,Tombamento,Com Vítimas Feridas,Pleno dia,Crescente,Céu Claro,Dupla,Reta,Não,1,0,1,0,0,0,1,1,"-7,1677",-34.8855,SPRF-PB,DEL01-PB,UOP01-DEL01-PB,
411297,2022-01-27,quinta-feira,00:20:00,PB,230,28,JOAO PESSOA,Acumulo de água sobre o pavimento,Queda de ocupante de veículo,Com Vítimas Feridas,Plena Noite,Crescente,Chuva,Dupla,Viaduto,Sim,1,0,1,0,0,0,1,1,"-7,1651",-34.8941,SPRF-PB,DEL01-PB,UOP01-DEL01-PB,
411609,2022-01-28,sexta-feira,15:20:00,PB,230,"27,5",JOAO PESSOA,Condutor deixou de manter distância do veículo da frente,Tombamento,Com Vítimas Feridas,Pleno dia,Decrescente,Céu Claro,Dupla,Viaduto,Não,1,0,1,0,0,0,1,1,"-7,1677",-34.8855,SPRF-PB,DEL01-PB,UOP01-DEL01-PB,
411842,2022-01-29,sábado,19:15:00,PB,101,"86,5",JOAO PESSOA,Demais falhas mecânicas ou elétricas,Eventos atípicos,Com Vítimas Feridas,Plena Noite,Crescente,Céu Claro,Dupla,Não Informado,Sim,3,0,2,0,1,0,2,2,"-7,16130451",-34.90439634,SPRF-PB,DEL01-PB,UOP01-DEL01-PB,
411855,2022-01-29,sábado,19:10:00,PB,230,"18,9",JOAO PESSOA,Pedestre cruzava a pista fora da faixa,Atropelamento de Pedestre,Com Vítimas Feridas,Plena Noite,Crescente,Céu Claro,Dupla,Curva,Sim,2,0,0,1,0,1,1,1,"-7,12925419",-34.85014558,SPRF-PB,DEL01-PB,UOP01-DEL01-PB,
411877,2022-01-29,sábado,23:10:00,PB,230,18,JOAO PESSOA,Transitar na contramão,Queda de ocupante de veículo,Com Vítimas Feridas,Plena Noite,Decrescente,Céu Claro,Dupla,Reta,Sim,1,0,1,0,0,0,1,1,"-7,1198",-34.8453,SPRF-PB,DEL01-PB,UOP01-DEL01-PB,
412111,2022-01-31,segunda-feira,06:50:00,PB,101,89,JOAO PESSOA,Reação tardia ou ineficiente do condutor,Colisão lateral mesmo sentido,Com Vítimas Feridas,Pleno dia,Crescente,Céu Claro,Múltipla,Reta,Sim,3,0,3,0,0,0,3,2,"-7,1710694",-34.89765372,SPRF-PB,DEL01-PB,UOP02-DEL01-PB,
412269,2022-02-01,terça-feira,07:00:00,PB,230,"20,3",JOAO PESSOA,Reação tardia ou ineficiente do condutor,Tombamento,Com Vítimas Feridas,Pleno dia,Decrescente,Céu Claro,Dupla,Reta,Sim,1,0,0,1,0,0,1,1,"-7,1337",-34.8544,SPRF-PB,DEL01-PB,UOP01-DEL01-PB,
412395,2022-02-01,terça-feira,22:10:00,PB,230,"21,4",JOAO PESSOA,Avarias e/ou desgaste excessivo no pneu,Tombamento,Com Vítimas Feridas,Plena Noite,Crescente,Céu Claro,Dupla,Curva,Sim,2,0,1,1,0,0,2,1,"-7,1415",-34.8519,SPRF-PB,DEL01-PB,UOP01-DEL01-PB,