id,data_inversa,dia_semana,horario,uf,br,km,municipio,causa_acidente,tipo_acidente,classificacao_acidente,fase_dia,sentido_via,condicao_metereologica,tipo_pista,tracado_via,uso_solo,pessoas,mortos,feridos_leves,feridos_graves,ilesos,ignorados,feridos,veiculos,latitude,longitude,regional,delegacia,uop,geometry
412524,2022-02-02,quarta-feira,18:30:00,PB,230,15,JOAO PESSOA,Reação tardia ou ineficiente do condutor,Engavetamento,Sem Vítimas,Plena Noite,Crescente,Céu Claro,Dupla,Reta,Sim,3,0,0,0,3,0,0,3,"-7,093",-34.8482,SPRF-PB,DEL01-PB,UOP01-DEL01-PB,
412541,2022-02-02,quarta-feira,20:05:00,PB,101,"90,5",JOAO PESSOA,Demais falhas na via,Tombamento,Com Vítimas Feridas,Plena Noite,Decrescente,Céu Claro,Dupla,Retorno Regulamentado,Sim,2,0,1,0,0,1,1,1,"-7,1811892",-34.90066644,SPRF-PB,DEL01-PB,UOP02-DEL01-PB,
413203,2022-02-06,domingo,07:10:00,PB,101,"86,2",JOAO PESSOA,Reação tardia ou ineficiente do condutor,Tombamento,Com Vítimas Feridas,Pleno dia,Decrescente,Céu Claro,Dupla,Reta,Sim,1,0,0,1,0,0,1,1,"-7,15118983",-34.91012184,SPRF-PB,DEL01-PB,UOP01-DEL01-PB,
413285,2022-02-06,domingo,16:30:00,PB,230,"86,3",JOAO PESSOA,Avarias e/ou desgaste excessivo no pneu,Saída de leito carroçável,Sem Vítimas,Pleno dia,Crescente,Sol,Dupla,Reta,Sim,1,0,0,0,0,1,0,1,"-7,15666321",-34.90713219,SPRF-PB,DEL01-PB,UOP03-DEL01-PB,
413436,2022-02-07,segunda-feira,08:20:00,PB,230,17,JOAO PESSOA,Acessar a via sem observar a presença dos outros veículos,Engavetamento,Sem Vítimas,Pleno dia,Crescente,Céu Claro,Dupla,Reta,Sim,3,0,0,0,2,1,0,3,"-7,1121",-34.8426,SPRF-PB,DEL01-PB,UOP01-DEL01-PB,
413864,2022-02-09,quarta-feira,13:40:00,PB,230,"18,3",JOAO PESSOA,Avarias e/ou desgaste excessivo no pneu,Tombamento,Com Vítimas Feridas,Pleno dia,Decrescente,Sol,Dupla,Não Informado,Sim,2,0,2,0,0,0,2,1,"-7,1198",-34.8453,SPRF-PB,DEL01-PB,UOP01-DEL01-PB,
414244,2022-02-11,sexta-feira,14:00:00,PB,230,21,JOAO PESSOA,Demais falhas mecânicas ou elétricas,Tombamento,Com Vítimas Feridas,Pleno dia,Crescente,Céu Claro,Dupla,Reta,Sim,1,0,1,0,0,0,1,1,"-7,1415",-34.8519,SPRF-PB,DEL01-PB,UOP01-DEL01-PB,
414294,2022-02-11,sexta-feira,17:30:00,PB,230,16,JOAO PESSOA,Reação tardia ou ineficiente do condutor,Engavetamento,Com Vítimas Feridas,Anoitecer,Crescente,Céu Claro,Dupla,Reta,Sim,5,0,2,0,2,1,2,4,"-7,10726674",-34.84380668,SPRF-PB,DEL01-PB,UOP01-DEL01-PB,
414461,2022-02-12,sábado,11:35:00,PB,101,89,JOAO PESSOA,Ausência de reação do condutor,Colisão lateral mesmo sentido,Sem Vítimas,Pleno dia,Decrescente,Sol,Dupla,Reta,Sim,1,0,0,0,1,0,0,1,"-7,17027433",-34.89729336,SPRF-PB,DEL01-PB,UOP02-DEL01-PB,
414783,2022-02-13,domingo,18:20:00,PB,230,16,JOAO PESSOA,Ingestão de álcool pelo condutor,Colisão traseira,Com Vítimas Feridas,Plena Noite,Crescente,Céu Claro,Dupla,Reta,Sim,2,0,1,0,1,0,1,2,"-7,10964405",-34.84321475,SPRF-PB,DEL01-PB,UOP01-DEL01-PB,
415163,2022-02-15,terça-feira,18:00:00,PB,101,88,JOAO PESSOA,Acessar a via sem observar a presença dos outros veículos,Colisão lateral mesmo sentido,Com Vítimas Feridas,Plena Noite,Crescente,Ignorado,Dupla,Não Informado,Sim,2,0,1,0,1,0,1,2,"-7,16430976",-34.89665508,SPRF-PB,DEL01-PB,UOP01-DEL01-PB,
415231,2022-02-16,quarta-feira,07:00:00,PB,230,"26,5",JOAO PESSOA,Ausência de reação do condutor,Engavetamento,Sem Vítimas,Pleno dia,Crescente,Céu Claro,Dupla,Reta,Sim,4,0,0,0,4,0,0,4,"-7,1693",-34.8782,SPRF-PB,DEL01-PB,UOP01-DEL01-PB,
416268,2022-02-21,segunda-feira,09:47:00,PB,101,"88,3",JOAO PESSOA,Condutor deixou de manter distância do veículo da frente,Colisão lateral mesmo sentido,Com Vítimas Feridas,Pleno dia,Crescente,Sol,Dupla,Interseção de vias,Sim,2,0,0,1,0,1,1,2,"-7,16470016",-34.89993643,SPRF-PB,DEL01-PB,UOP01-DEL01-PB,
416600,2022-02-23,quarta-feira,08:00:00,PB,230,22,JOAO PESSOA,Manobra de mudança de faixa,Colisão lateral mesmo sentido,Com Vítimas Feridas,Pleno dia,Decrescente,Sol,Dupla,Reta,Não,2,0,1,0,1,0,1,2,"-7,155347",-34.856576,SPRF-PB,DEL01-PB,UOP01-DEL01-PB,
417323,2022-02-26,sábado,08:30:00,PB,101,86,JOAO PESSOA,Ultrapassagem Indevida,Colisão lateral mesmo sentido,Com Vítimas Feridas,Pleno dia,Crescente,Céu Claro,Dupla,Reta,Sim,3,0,1,0,2,0,1,2,"-7,15118983",-34.91012184,SPRF-PB,DEL01-PB,UOP01-DEL01-PB,
417636,2022-02-27,domingo,16:15:00,PB,230,20,JOAO PESSOA,Ausência de reação do condutor,Tombamento,Com Vítimas Feridas,Anoitecer,Crescente,Céu Claro,Dupla,Reta,Sim,1,0,1,0,0,0,1,1,"-7,14325765",-34.85147595,SPRF-PB,DEL01-PB,UOP01-DEL01-PB,
417655,2022-02-27,domingo,17:40:00,PB,101,86,JOAO PESSOA,Ingestão de álcool pelo condutor,Colisão traseira,Com Vítimas Feridas,Plena Noite,Decrescente,Céu Claro,Dupla,Curva,Sim,2,0,1,0,1,0,1,2,"-7,15179098",-34.9090147,SPRF-PB,DEL01-PB,UOP01-DEL01-PB,
418575,2022-03-04,sexta-feira,13:50:00,PB,101,88,JOAO PESSOA,Ausência de reação do condutor,Queda de ocupante de veículo,Com Vítimas Feridas,Pleno dia,Crescente,Sol,Múltipla,Não Informado,Sim,3,0,0,1,0,2,1,2,"-7,16470016",-34.89993643,SPRF-PB,DEL01-PB,UOP01-DEL01-PB,
418578,2022-03-04,sexta-feira,14:55:00,PB,230,"28,2",JOAO PESSOA,Velocidade Incompatível,Saída de leito carroçável,Sem Vítimas,Pleno dia,Crescente,Sol,Dupla,Viaduto,Sim,1,0,0,0,1,0,0,1,"-7,16513717",-34.89836097,SPRF-PB,DEL01-PB,UOP01-DEL01-PB,
418859,2022-03-05,sábado,22:15:00,PB,230,28,JOAO PESSOA,Acumulo de areia ou detritos sobre o pavimento,Tombamento,Com Vítimas Feridas,Plena Noite,Crescente,Nublado,Dupla,Viaduto,Sim,1,0,1,0,0,0,1,1,"-7,16563051",-34.89699086,SPRF-PB,DEL01-PB,UOP01-DEL01-PB,
418866,2022-03-05,sábado,22:15:00,PB,230,28,JOAO PESSOA,Acumulo de areia ou detritos sobre o pavimento,Tombamento,Com Vítimas Feridas,Plena Noite,Crescente,Nublado,Dupla,Não Informado,Sim,1,0,1,0,0,0,1,1,"-7,1651",-34.8941,SPRF-PB,DEL01-PB,UOP01-DEL01-PB,
418867,2022-03-05,sábado,22:15:00,PB,230,28,JOAO PESSOA,Acumulo de areia ou detritos sobre o pavimento,Queda de ocupante de veículo,Com Vítimas Feridas,Plena Noite,Crescente,Nublado,Dupla,Desvio Temporário,Sim,1,0,0,1,0,0,1,1,"-7,1651",-34.8941,SPRF-PB,DEL01-PB,UOP01-DEL01-PB,
418963,2022-03-06,domingo,11:30:00,PB,101,89,JOAO PESSOA,Pedestre andava na pista,Atropelamento de Pedestre,Com Vítimas Feridas,Pleno dia,Decrescente,Chuva,Dupla,Reta,Sim,2,0,0,1,1,0,1,1,"-7,17944347",-34.90002246,SPRF-PB,DEL01-PB,UOP02-DEL01-PB,
419366,2022-03-08,terça-feira,15:50:00,PB,230,27,JOAO PESSOA,Ausência de reação do condutor,Colisão traseira,Com Vítimas Feridas,Pleno dia,Crescente,Sol,Dupla,Desvio Temporário,Sim,2,0,2,0,0,0,2,1,"-7,1677",-34.8855,SPRF-PB,DEL01-PB,UOP01-DEL01-PB,
419396,2022-03-08,terça-feira,18:00:00,PB,230,20,JOAO PESSOA,Reação tardia ou ineficiente do condutor,Colisão traseira,Com Vítimas Feridas,Plena Noite,Decrescente,Céu Claro,Dupla,Reta,Sim,3,0,1,0,2,0,1,2,"-7,129466",-34.8543128,SPRF-PB,DEL01-PB,UOP01-DEL01-PB,
419572,2022-03-09,quarta-feira,18:50:00,PB,230,26,JOAO PESSOA,Manobra de mudança de faixa,Colisão lateral mesmo sentido,Com Vítimas Feridas,Plena Noite,Crescente,Céu Claro,Dupla,Reta,Sim,3,0,2,0,0,1,2,2,"-7,1693",-34.8782,SPRF-PB,DEL01-PB,UOP01-DEL01-PB,
419654,2022-03-10,quinta-feira,07:20:00,PB,230,19,JOAO PESSOA,Demais falhas mecânicas ou elétricas,Tombamento,Com Vítimas Feridas,Pleno dia,Decrescente,Céu Claro,Dupla,Curva,Sim,2,0,2,0,0,0,2,1,"-7,1281",-34.8466,SPRF-PB,DEL01-PB,UOP01-DEL01-PB,
420179,2022-03-12,sábado,18:20:00,PB,101,87,JOAO PESSOA,Reação tardia ou ineficiente do condutor,Colisão traseira,Com Vítimas Feridas,Plena Noite,Crescente,Céu Claro,Dupla,Reta,Sim,3,0,2,0,0,1,2,2,"-7,15886802",-34.90628504,SPRF-PB,DEL01-PB,UOP01-DEL01-PB,
420369,2022-03-13,domingo,15:20:00,PB,230,27,JOAO PESSOA,Ingestão de álcool pelo condutor,Tombamento,Com Vítimas Feridas,Pleno dia,Crescente,Sol,Dupla,Reta,Sim,2,0,2,0,0,0,2,1,"-7,1677",-34.8855,SPRF-PB,DEL01-PB,UOP01-DEL01-PB,
420504,2022-03-14,segunda-feira,07:00:00,PB,230,26,JOAO PESSOA,Manobra de mudança de faixa,Colisão traseira,Com Vítimas Feridas,Pleno dia,Decrescente,Chuva,Dupla,Reta,Sim,3,0,1,0,2,0,1,2,"-7,16904679",-34.88119483,SPRF-PB,DEL01-PB,UOP01-DEL01-PB,
420597,2022-01-20,quinta-feira,11:12:00,PB,230,28,JOAO PESSOA,Reação tardia ou ineficiente do condutor,Colisão traseira,Com Vítimas Feridas,Pleno dia,Decrescente,Céu Claro,Dupla,Não Informado,Sim,2,0,1,0,1,0,1,2,"-7,1651",-34.8941,SPRF-PB,DEL01-PB,UOP01-DEL01-PB,
420605,2022-03-14,segunda-feira,15:25:00,PB,230,"21,8",JOAO PESSOA,Trafegar com motocicleta (ou similar) entre as faixas,Colisão lateral mesmo sentido,Com Vítimas Feridas,Pleno dia,Decrescente,Sol,Dupla,Reta,Sim,4,0,1,0,3,0,1,4,"-7,15027934",-34.85225916,SPRF-PB,DEL01-PB,UOP01-DEL01-PB,
420643,2022-03-14,segunda-feira,17:55:00,PB,230,"18,9",JOAO PESSOA,Reação tardia ou ineficiente do condutor,Colisão traseira,Sem Vítimas,Plena Noite,Crescente,Céu Claro,Dupla,Curva,Sim,1,0,0,0,1,0,0,1,"-7,1198",-34.8453,SPRF-PB,DEL01-PB,UOP01-DEL01-PB,
420816,2022-03-15,terça-feira,18:10:00,PB,230,24,JOAO PESSOA,Ausência de reação do condutor,Engavetamento,Com Vítimas Feridas,Plena Noite,Decrescente,Nublado,Dupla,Viaduto,Sim,4,0,2,0,2,0,2,4,"-7,16641415",-34.86325499,SPRF-PB,DEL01-PB,UOP01-DEL01-PB,
420860,2022-03-15,terça-feira,22:45:00,PB,230,24,JOAO PESSOA,Pedestre andava na pista,Atropelamento de Pedestre,Com Vítimas Fatais,Plena Noite,Crescente,Chuva,Simples,Reta,Sim,3,1,0,0,1,1,0,1,"-7,1637",-34.8618,SPRF-PB,DEL01-PB,UOP01-DEL01-PB,
421075,2022-03-17,quinta-feira,09:15:00,PB,230,21,JOAO PESSOA,Velocidade Incompatível,Colisão traseira,Sem Vítimas,Pleno dia,Decrescente,Céu Claro,Dupla,Reta,Sim,3,0,0,0,3,0,0,3,"-7,1415",-34.8519,SPRF-PB,DEL01-PB,UOP01-DEL01-PB,
421157,2022-03-17,quinta-feira,18:40:00,PB,230,"19,5",JOAO PESSOA,Entrada inopinada do pedestre,Atropelamento de Pedestre,Com Vítimas Feridas,Pleno dia,Crescente,Nublado,Dupla,Reta,Sim,2,0,0,1,0,1,1,1,"-7,12870061",-34.84877229,SPRF-PB,DEL01-PB,UOP01-DEL01-PB,
421235,2022-03-18,sexta-feira,07:30:00,PB,101,86,JOAO PESSOA,Reação tardia ou ineficiente do condutor,Colisão traseira,Com Vítimas Feridas,Pleno dia,Crescente,Sol,Dupla,Reta,Sim,3,0,2,0,1,0,2,2,"-7,15118983",-34.91012184,SPRF-PB,DEL01-PB,UOP01-DEL01-PB,
421293,2022-03-18,sexta-feira,13:00:00,PB,230,"16,9",JOAO PESSOA,Condutor deixou de manter distância do veículo da frente,Colisão traseira,Sem Vítimas,Pleno dia,Decrescente,Sol,Dupla,Reta,Sim,2,0,0,0,1,1,0,2,"-7,11419733",-34.84204408,SPRF-PB,DEL01-PB,UOP01-DEL01-PB,
421432,2022-03-19,sábado,04:00:00,PB,230,"21,1",JOAO PESSOA,Ingestão de álcool pelo condutor,Colisão com objeto,Com Vítimas Feridas,Amanhecer,Decrescente,Ignorado,Dupla,Curva,Sim,1,0,1,0,0,0,1,1,"-7,1415",-34.8519,SPRF-PB,DEL01-PB,UOP01-DEL01-PB,
421603,2022-03-19,sábado,21:42:00,PB,230,18,JOAO PESSOA,Reação tardia ou ineficiente do condutor,Tombamento,Com Vítimas Feridas,Plena Noite,Decrescente,Céu Claro,Dupla,Não Informado,Sim,1,0,1,0,0,0,1,1,"-7,1198",-34.8453,SPRF-PB,DEL01-PB,UOP01-DEL01-PB,
421701,2022-03-20,domingo,08:45:00,PB,230,17,JOAO PESSOA,Trafegar com motocicleta (ou similar) entre as faixas,Colisão lateral mesmo sentido,Com Vítimas Feridas,Pleno dia,Decrescente,Sol,Dupla,Reta,Sim,3,0,1,0,1,1,1,2,"-7,11383869",-34.84208822,SPRF-PB,DEL01-PB,UOP01-DEL01-PB,
421879,2022-03-21,segunda-feira,07:50:00,PB,230,21,JOAO PESSOA,Transitar no acostamento,Colisão transversal,Com Vítimas Feridas,Pleno dia,Decrescente,Céu Claro,Dupla,Reta,Não,2,0,0,1,0,1,1,2,"-7,1415",-34.8519,SPRF-PB,DEL01-PB,UOP01-DEL01-PB,
421880,2022-03-21,segunda-feira,08:15:00,PB,230,22,JOAO PESSOA,Reação tardia ou ineficiente do condutor,Colisão lateral mesmo sentido,Com Vítimas Feridas,Pleno dia,Decrescente,Nublado,Dupla,Reta,Sim,3,0,1,0,2,0,1,3,"-7,1495",-34.8517,SPRF-PB,DEL01-PB,UOP01-DEL01-PB,
422283,2022-03-23,quarta-feira,15:00:00,PB,101,88,JOAO PESSOA,Entrada inopinada do pedestre,Atropelamento de Pedestre,Com Vítimas Feridas,Pleno dia,Decrescente,Céu Claro,Dupla,Reta,Sim,2,0,1,1,0,0,2,1,"-7,16470016",-34.89993643,SPRF-PB,DEL01-PB,UOP01-DEL01-PB,
422493,2022-03-24,quinta-feira,17:45:00,PB,230,23,JOAO PESSOA,Ausência de reação do condutor,Engavetamento,Sem Vítimas,Anoitecer,Decrescente,Nublado,Dupla,Viaduto,Sim,3,0,0,0,3,0,0,3,"-7,1562",-34.8574,SPRF-PB,DEL01-PB,UOP01-DEL01-PB,
422575,2022-03-25,sexta-feira,07:40:00,PB,230,19,JOAO PESSOA,Manobra de mudança de faixa,Colisão traseira,Com Vítimas Feridas,Pleno dia,Decrescente,Sol,Dupla,Curva,Sim,2,0,0,1,1,0,1,2,"-7,1281",-34.8466,SPRF-PB,DEL01-PB,UOP01-DEL01-PB,
422701,2022-03-25,sexta-feira,19:50:00,PB,230,20,JOAO PESSOA,Ausência de reação do condutor,Colisão com objeto,Com Vítimas Feridas,Plena Noite,Decrescente,Nublado,Dupla,Curva,Não,1,0,1,0,0,0,1,1,"-7,1337",-34.8544,SPRF-PB,DEL01-PB,UOP01-DEL01-PB,
422706,2022-03-25,sexta-feira,20:05:00,PB,230,"19,4",JOAO PESSOA,Condutor deixou de manter distância do veículo da frente,Colisão traseira,Com Vítimas Feridas,Plena Noite,Crescente,Chuva,Dupla,Reta,Sim,3,0,2,0,0,1,2,2,"-7,13087236",-34.85204458,SPRF-PB,DEL01-PB,UOP01-DEL01-PB,
422936,2022-03-26,sábado,23:20:00,PB,101,88,JOAO PESSOA,Ingestão de álcool pelo condutor,Colisão frontal,Sem Vítimas,Plena Noite,Crescente,Nublado,Simples,Curva,Sim,2,0,0,0,2,0,0,2,"-7,16470016",-34.89993643,SPRF-PB,DEL01-PB,UOP01-DEL01-PB,
423003,2022-03-27,domingo,08:12:00,PB,101,88,JOAO PESSOA,Acumulo de água sobre o pavimento,Saída de leito carroçável,Sem Vítimas,Pleno dia,Decrescente,Chuva,Simples,Curva,Sim,2,0,0,0,2,0,0,1,"-7,16470016",-34.89993643,SPRF-PB,DEL01-PB,UOP01-DEL01-PB,
423375,2022-03-28,segunda-feira,21:00:00,PB,NA,NA,JOAO PESSOA,Condutor deixou de manter distância do veículo da frente,Colisão traseira,Sem Vítimas,Plena Noite,Não Informado,Céu Claro,Dupla,Reta,Sim,4,0,0,0,4,0,0,2,"-7,16153837",-34.89627957,SPRF-PB,DEL01-PB,UOP02-DEL01-PB,
423677,2022-03-31,quinta-feira,07:58:00,PB,230,23,JOAO PESSOA,Condutor deixou de manter distância do veículo da frente,Colisão traseira,Com Vítimas Feridas,Pleno dia,Decrescente,Sol,Dupla,Reta,Sim,5,0,1,0,3,1,1,3,"-7,1562",-34.8574,SPRF-PB,DEL01-PB,UOP01-DEL01-PB,
423866,2022-04-01,sexta-feira,08:30:00,PB,230,"27,9",JOAO PESSOA,Reação tardia ou ineficiente do condutor,Tombamento,Com Vítimas Feridas,Pleno dia,Crescente,Sol,Simples,Curva,Não,1,0,1,0,0,0,1,1,"-7,1677",-34.8855,SPRF-PB,DEL01-PB,UOP01-DEL01-PB,
424505,2022-04-04,segunda-feira,06:50:00,PB,230,"22,4",JOAO PESSOA,Ausência de reação do condutor,Colisão traseira,Com Vítimas Feridas,Pleno dia,Decrescente,Sol,Dupla,Reta,Sim,2,0,1,0,1,0,1,2,"-7,1495",-34.8517,SPRF-PB,DEL01-PB,UOP01-DEL01-PB,
424591,2022-04-04,segunda-feira,16:00:00,PB,101,85,JOAO PESSOA,Demais falhas mecânicas ou elétricas,Tombamento,Com Vítimas Feridas,Pleno dia,Decrescente,Céu Claro,Dupla,Curva,Sim,2,0,2,0,0,0,2,1,"-7,14538184",-34.91662887,SPRF-PB,DEL01-PB,UOP01-DEL01-PB,
425337,2022-04-07,quinta-feira,15:00:00,PB,230,17,JOAO PESSOA,Acessar a via sem observar a presença dos outros veículos,Colisão traseira,Com Vítimas Feridas,Pleno dia,Crescente,Sol,Múltipla,Retorno Regulamentado,Sim,3,0,1,0,1,1,1,3,"-7,11813642",-34.84402891,SPRF-PB,DEL01-PB,UOP01-DEL01-PB,
429955,2022-04-08,sexta-feira,13:50:00,PB,NA,NA,JOAO PESSOA,Ultrapassagem Indevida,Colisão transversal,Com Vítimas Feridas,Pleno dia,Não Informado,Céu Claro,Dupla,Reta,Sim,3,0,2,0,1,0,2,2,"-7,171085",-34.870799,SPRF-PB,DEL01-PB,UOP02-DEL01-PB,
437797,2022-04-09,sábado,09:50:00,PB,230,28,JOAO PESSOA,Ingestão de álcool pelo condutor,Colisão lateral mesmo sentido,Sem Vítimas,Pleno dia,Crescente,Céu Claro,Dupla,Reta,Sim,6,0,0,0,2,4,0,4,"-7,16220203",-34.90303874,SPRF-PB,DEL01-PB,UOP01-DEL01-PB,
442635,2022-04-10,domingo,08:00:00,PB,230,27,JOAO PESSOA,Reação tardia ou ineficiente do condutor,Colisão com objeto,Com Vítimas Feridas,Pleno dia,Decrescente,Céu Claro,Simples,Reta,Sim,1,0,1,0,0,0,1,1,"-7,1677",-34.8855,SPRF-PB,DEL01-PB,UOP01-DEL01-PB,
443345,2022-04-13,quarta-feira,08:07:00,PB,230,17,JOAO PESSOA,Manobra de mudança de faixa,Colisão lateral mesmo sentido,Com Vítimas Feridas,Pleno dia,Decrescente,Céu Claro,Múltipla,Reta,Sim,2,0,0,1,1,0,1,2,"-7,1121",-34.8426,SPRF-PB,DEL01-PB,UOP01-DEL01-PB,
443384,2022-04-13,quarta-feira,09:47:00,PB,230,21,JOAO PESSOA,Condutor deixou de manter distância do veículo da frente,Engavetamento,Sem Vítimas,Pleno dia,Crescente,Céu Claro,Dupla,Reta,Sim,4,0,0,0,4,0,0,4,"-7,1415",-34.8519,SPRF-PB,DEL01-PB,UOP01-DEL01-PB,
443469,2022-04-13,quarta-feira,15:30:00,PB,230,"18,6",JOAO PESSOA,Ingestão de álcool pelo condutor,Colisão traseira,Com Vítimas Feridas,Pleno dia,Crescente,Céu Claro,Dupla,Curva,Sim,2,0,1,0,0,1,1,2,"-7,1198",-34.8453,SPRF-PB,DEL01-PB,UOP01-DEL01-PB,
443480,2022-04-13,quarta-feira,17:00:00,PB,230,20,JOAO PESSOA,Reação tardia ou ineficiente do condutor,Colisão traseira,Com Vítimas Feridas,Pleno dia,Decrescente,Céu Claro,Dupla,Reta,Não,2,0,1,0,1,0,1,2,"-7,1337",-34.8544,SPRF-PB,DEL01-PB,UOP01-DEL01-PB,
443741,2022-04-14,quinta-feira,18:00:00,PB,101,"88,3",JOAO PESSOA,Reação tardia ou ineficiente do condutor,Tombamento,Com Vítimas Feridas,Plena Noite,Crescente,Céu Claro,Múltipla,Reta,Sim,2,0,1,0,0,1,1,2,"-7,165481",-34.896645,SPRF-PB,DEL01-PB,UOP01-DEL01-PB,
444034,2022-04-16,sábado,07:50:00,PB,230,28,JOAO PESSOA,Avarias e/ou desgaste excessivo no pneu,Tombamento,Com Vítimas Feridas,Amanhecer,Decrescente,Céu Claro,Dupla,Não Informado,Não,2,0,2,0,0,0,2,1,"-7,1651",-34.8941,SPRF-PB,DEL01-PB,UOP01-DEL01-PB,
444359,2022-04-17,domingo,19:10:00,PB,230,25,JOAO PESSOA,Afundamento ou ondulação no pavimento,Tombamento,Com Vítimas Feridas,Plena Noite,Crescente,Nublado,Múltipla,Não Informado,Sim,1,0,0,1,0,0,1,1,"-7,1707",-34.8684,SPRF-PB,DEL01-PB,UOP01-DEL01-PB,
444601,2022-04-18,segunda-feira,18:30:00,PB,230,18,JOAO PESSOA,Reação tardia ou ineficiente do condutor,Colisão traseira,Com Vítimas Feridas,Plena Noite,Decrescente,Céu Claro,Dupla,Reta,Sim,2,0,1,0,1,0,1,2,"-7,1198",-34.8453,SPRF-PB,DEL01-PB,UOP01-DEL01-PB,
444724,2022-04-19,terça-feira,11:21:00,PB,101,87,JOAO PESSOA,Velocidade Incompatível,Tombamento,Com Vítimas Feridas,Pleno dia,Crescente,Céu Claro,Dupla,Curva,Sim,1,0,1,0,0,0,1,1,"-7,15886802",-34.90628504,SPRF-PB,DEL01-PB,UOP01-DEL01-PB,
444912,2022-02-13,domingo,19:18:00,PB,230,21,JOAO PESSOA,Trafegar com motocicleta (ou similar) entre as faixas,Colisão traseira,Com Vítimas Feridas,Plena Noite,Crescente,Céu Claro,Dupla,Reta,Sim,3,0,0,1,2,0,1,3,"-7,1415",-34.8519,SPRF-PB,DEL01-PB,UOP01-DEL01-PB,
445012,2022-04-20,quarta-feira,19:05:00,PB,230,20,JOAO PESSOA,Reação tardia ou ineficiente do condutor,Colisão traseira,Com Vítimas Feridas,Plena Noite,Decrescente,Garoa/Chuvisco,Dupla,Reta,Sim,2,0,1,0,0,1,1,2,"-7,1337",-34.8544,SPRF-PB,DEL01-PB,UOP01-DEL01-PB,
445079,2022-04-21,quinta-feira,04:10:00,PB,230,27,JOAO PESSOA,Ingestão de álcool pelo condutor,Saída de leito carroçável,Com Vítimas Feridas,Plena Noite,Crescente,Céu Claro,Dupla,Reta,Sim,1,0,0,1,0,0,1,1,"-7,1677",-34.8855,SPRF-PB,DEL01-PB,UOP01-DEL01-PB,
445269,2022-02-17,quinta-feira,13:10:00,PB,101,92,JOAO PESSOA,Acumulo de água sobre o pavimento,Tombamento,Com Vítimas Feridas,Pleno dia,Decrescente,Chuva,Dupla,Não Informado,Não,2,0,2,0,0,0,2,1,"-7,19683829",-34.90588313,SPRF-PB,DEL01-PB,UOP02-DEL01-PB,
445312,2022-04-22,sexta-feira,11:05:00,PB,230,27,JOAO PESSOA,Pista Escorregadia,Colisão com objeto,Com Vítimas Feridas,Pleno dia,Decrescente,Céu Claro,Simples,Não Informado,Não,2,0,2,0,0,0,2,1,"-7,1677",-34.8855,SPRF-PB,DEL01-PB,UOP01-DEL01-PB,
446054,2022-04-25,segunda-feira,19:40:00,PB,101,87,JOAO PESSOA,Chuva,Queda de ocupante de veículo,Com Vítimas Feridas,Plena Noite,Crescente,Chuva,Dupla,Reta,Sim,2,0,1,0,1,0,1,1,"-7,15886802",-34.90628504,SPRF-PB,DEL01-PB,UOP01-DEL01-PB,
446546,2022-04-28,quinta-feira,18:00:00,PB,230,"16,9",JOAO PESSOA,Condutor deixou de manter distância do veículo da frente,Colisão lateral mesmo sentido,Com Vítimas Feridas,Plena Noite,Crescente,Céu Claro,Dupla,Reta,Sim,2,0,1,1,0,0,2,1,"-7,1039",-34.8458,SPRF-PB,DEL01-PB,UOP01-DEL01-PB,
446776,2022-04-29,sexta-feira,22:15:00,PB,230,22,JOAO PESSOA,Ausência de reação do condutor,Colisão traseira,Sem Vítimas,Plena Noite,Crescente,Nublado,Dupla,Reta,Sim,2,0,0,0,1,1,0,2,"-7,15783418",-34.85826608,SPRF-PB,DEL01-PB,UOP01-DEL01-PB,
447021,2022-05-01,domingo,02:40:00,PB,230,"18,3",JOAO PESSOA,Condutor Dormindo,Saída de leito carroçável,Sem Vítimas,Plena Noite,Crescente,Céu Claro,Dupla,Curva,Sim,1,0,0,0,1,0,0,1,"-7,12686635",-34.8456735,SPRF-PB,DEL01-PB,UOP01-DEL01-PB,
447082,2022-05-01,domingo,07:10:00,PB,230,19,JOAO PESSOA,Reação tardia ou ineficiente do condutor,Colisão com objeto,Sem Vítimas,Pleno dia,Crescente,Céu Claro,Dupla,Reta,Sim,1,0,0,0,1,0,0,1,"-7,1281",-34.8466,SPRF-PB,DEL01-PB,UOP01-DEL01-PB,
447492,2022-05-03,terça-feira,06:50:00,PB,230,"22,5",JOAO PESSOA,Ausência de reação do condutor,Colisão traseira,Com Vítimas Feridas,Pleno dia,Decrescente,Nublado,Dupla,Reta,Sim,3,0,1,0,1,1,1,2,"-7,1495",-34.8517,SPRF-PB,DEL01-PB,UOP01-DEL01-PB,
447496,2022-05-03,terça-feira,07:30:00,PB,230,21,JOAO PESSOA,Ausência de reação do condutor,Colisão traseira,Com Vítimas Feridas,Pleno dia,Crescente,Garoa/Chuvisco,Dupla,Reta,Sim,4,0,1,0,3,0,1,4,"-7,1415",-34.8519,SPRF-PB,DEL01-PB,UOP01-DEL01-PB,
447503,2022-05-03,terça-feira,08:00:00,PB,230,22,JOAO PESSOA,Trafegar com motocicleta (ou similar) entre as faixas,Colisão traseira,Com Vítimas Feridas,Pleno dia,Decrescente,Nublado,Dupla,Reta,Sim,4,0,1,1,2,0,2,4,"-7,1495",-34.8517,SPRF-PB,DEL01-PB,UOP01-DEL01-PB,